Código_Registro,Descrição_Registro,Campo_Registro,Código_Erro,Descrição_Erro,Registro_Válido,Enriquecimento
-,ARQUIVO,Nome do arquivo,10000,UF NÃO CADASTRADA NA TABELA DE LAYOUTS,,
-,ARQUIVO,Nome do arquivo,10001,LAYOUT NÃO DEFINIDO PARA A UF,,
-,ARQUIVO,Nome do arquivo,10002,NOME DO ARQUIVO INCORRETO,,
0,HEADER,Código de Registro,10003,HEADER NÃO ENCONTRADO,,
0,HEADER,Tipo de Remessa,10004,TIPO DE REMESSA NÃO INFORMADA NO HEADER,,
0,HEADER,Tipo de Remessa,10005,TIPO DE REMESSA INVALIDA,,
0,HEADER,Código da Junta Comercial ,10006,CÓDIGO DA JUNTA NÃO INFORMADO NO HEADER,,
0,HEADER,Sigla da Unidade Federativa da Junta,10007,SIGLA DA UNIDADE FEDERATIVA DA JUNTA NÃO INFORMADA,,
0,HEADER,Data do Período de Remessa – de,10008,DATA INICIAL DO PERIODO DA REMESSA NÃO INFORMADA,,
0,HEADER,Data do Período de Remessa – ate,10009,DATA FINAL DO PERIODO DA REMESSA NÃO INFORMADA,,
0,HEADER,Periodicidade,10010,PERIODICIDADE NÃO INFORMADA NO HEADER,,
0,HEADER,Periodicidade,10011,PERIODICIDADE INVALIDA,,
0,HEADER,ÚLTIMA Versão do sistema (SP envia zeros),10012,VERSAO DO SISTEMA NÃO INFORMADA,,
0,HEADER,Data de Envio da Remessa,10013,DATA DE ENVIO DA REMESSA NÃO INFORMADA,,
1,EMPRESAS,Código do arquivo,10100,REMESSA SEM REGISTROS DE EMPRESAS,,
1,EMPRESAS,Código da Sequência da Empresa,10101,CÓDIGO DE SEQUÊNCIA DA EMPRESA INVÁLIDO,,
1,EMPRESAS,Código da Sequência da Empresa,10102,CÓDIGO DE SEQUÊNCIA DA EMPRESA NÃO INFORMADO,,
1,EMPRESAS,Código da Junta Comercial,10103,CÓDIGO DA JUNTA COMERCIAL NÃO INFORMADO,,
1,EMPRESAS,Número da Inscrição na Junta Comercial,10104,NÚMERO DE NIRE NÃO INFORMADO,,
1,EMPRESAS,Número da Inscrição na Junta Comercial,10105,"NIRE INVÁLIDO, NÃO POSSUI A QUANTIDADE DE CARACTERES ESPERADO",,
1,EMPRESAS,Nome da Empresa,10106,NOME DA EMPRESA NÃO INFORMADO,,
1,EMPRESAS,Descrição do Logradouro,10107,DESCRIÇÃO DO LOGRADOURO NÃO INFORMADO,,
1,EMPRESAS,Código do CEP,10108,CÓDIGO DO CEP NÃO INFORMADO,,
1,EMPRESAS,Código do CEP,10109,CÓDIGO DO CEP INVÁLIDO,,
1,EMPRESAS,Código da Situação da Empresa,10110,CÓDIGO DA SITUAÇÃO DA EMPRESA NÃO INFORMADA,,
1,EMPRESAS,Data de Início das Atividades,10111,DATA DE INÍCIO DAS ATIVIDADES DA EMPRESA NÃO INFORMADA,,
1,EMPRESAS,Data de Término das Atividades,10112,DATA DE TÉRMINO DAS ATIVIDADES DA EMPRESA NÃO INFORMADA,,
1,EMPRESAS,Valor do Capital Social,10113,VALOR DO CAPITAL SOCIAL NÃO INFORMADO,,
1,EMPRESAS,Código do Tipo de Moeda,10114,CÓDIGO DO TIPO DE MOEDA NÃO INFORMADO,,
1,EMPRESAS,Data da Constituição,10115,DATA DA CONSTITUIÇÃO NÃO INFORMADA,,
1,EMPRESAS,Código da Natureza Jurídica,10116,CÓDIGO DA SITUAÇÃO DA EMPRESA NÃO INFORMADO,,
1,EMPRESAS,Número do C.N.P.J.,10117,"CNPJ INVÁLIDO, NÚMERO DO DOCUMENTO EM BRANCO OU ZERADO",,
1,EMPRESAS,Número do C.N.P.J.,10118,"CNPJ INVÁLIDO, NÃO POSSUI A QUANTIDADE DE CARACTERES ESPERADO",,
1,EMPRESAS,Data da Última Alteração Contratual,10119,DATA DA ÚLTIMA ALTERACAO CONTRATUAL NÃO INFORMADA,,
1,EMPRESAS,Nome da Empresa Antecessora,10120, NOME DA EMPRESA NÃO INFORMADO,,
1,EMPRESAS,Código da U.F.,10121,CÓDIGO DA U.F. NÃO INFORMADO,,
1,EMPRESAS,Atos,10122,ATOS NÃO INFORMADO,,
1,EMPRESAS,Número último arquivamento,10123,ULTIMO ARQUIVAMENTO NÃO INFORMADO,,
2,SÓCIOS E OU ADMINISTRADORES PF,Código do arquivo,10200,REMESSA SEM REGISTROS DE SÓCIOS PF,,
2,SÓCIOS E OU ADMINISTRADORES PF,Código da Junta Comercial,10201,CÓDIGO DA JUNTA COMERCIAL NÃO INFORMADO,,
2,SÓCIOS E OU ADMINISTRADORES PF,Código Sequêncial,10202,CÓDIGO SEQUÊNCIAL NÃO INFORMADO,,
2,SÓCIOS E OU ADMINISTRADORES PF,Código da Sequência da Pessoa,10203,CÓDIGO DA SEQUÊNCIA DA PESSOA NÃO INFORMADO,,
2,SÓCIOS E OU ADMINISTRADORES PF,Código da Sequência da Empresa,10204,CÓDIGO DA SEQUÊNCIA DA EMPRESA NÃO INFORMADO,,
2,SÓCIOS E OU ADMINISTRADORES PF,Código da Condição,10205,CÓDIGO DA CONDICAO NÃO INFORMADO,,
2,SÓCIOS E OU ADMINISTRADORES PF,Data da Vinculação,10206,DATA DA VINCULAÇÃO NÃO INFORMADA,,
2,SÓCIOS E OU ADMINISTRADORES PF,Data do Desligamento,10207,DATA DO DESLIGAMENTO NÃO INFORMADA,,
2,SÓCIOS E OU ADMINISTRADORES PF,Valor do Capital Social,10208,VALOR DO CAPITAL SOCIAL NÃO INFORMADO,,
2,SÓCIOS E OU ADMINISTRADORES PF,Código do Tipo de Moeda,10209,CÓDIGO DO TIPO DA MOEDA NÃO INFORMADO,,
2,SÓCIOS E OU ADMINISTRADORES PF,Número do C.P.F.,10210,NÚMERO DO CPF DO SOCIO NÃO INFORMADO,,
2,SÓCIOS E OU ADMINISTRADORES PF,Número da Inscrição na Junta Comercial,10211,NÚMERO DE NIRE NÃO INFORMADO,,
2,SÓCIOS E OU ADMINISTRADORES PF,Número da Inscrição na Junta Comercial,10212,"NIRE INVÁLIDO, NÃO POSSUI A QUANTIDADE DE CARACTERES ESPERADO",,
2,SÓCIOS E OU ADMINISTRADORES PF,Data de Término do Mandato,10213,DATA DE TÉRMINO DO MANDATO NÃO INFORMADA,,
3,SÓCIOS E OU ADMINISTRADORES PJ,Código do arquivo,10300,REMESSA SEM REGISTROS DE SÓCIOS PJ,,
3,SÓCIOS E OU ADMINISTRADORES PJ,Código da Junta Comercial,10301,CÓDIGO DA JUNTA COMERCIAL NÃO INFORMADO,,
3,SÓCIOS E OU ADMINISTRADORES PJ,Código da Sequência da Pessoa,10302,CÓDIGO DA SEQUÊNCIA DA PESSOA NÃO INFORMADO,,
3,SÓCIOS E OU ADMINISTRADORES PJ,Código da Sequência da Empresa,10303,CÓDIGO DA SEQUÊNCIA DA EMPRESA NÃO INFORMADO,,
3,SÓCIOS E OU ADMINISTRADORES PJ,Código da Condição,10304,CÓDIGO DA CONDICAO NÃO INFORMADO,,
3,SÓCIOS E OU ADMINISTRADORES PJ,Data da Vinculação,10305,DATA DA VINCULAÇÃO NÃO INFORMADA,,
3,SÓCIOS E OU ADMINISTRADORES PJ,Data do Desligamento,10306,DATA DO DESLIGAMENTO NÃO INFORMADA,,
3,SÓCIOS E OU ADMINISTRADORES PJ,Valor do Capital Social,10307,VALOR DO CAPITAL SOCIAL NÃO INFORMADO,,
3,SÓCIOS E OU ADMINISTRADORES PJ,Código do Tipo de Moeda,10308,CÓDIGO DO TIPO DA MOEDA NÃO INFORMADO,,
3,SÓCIOS E OU ADMINISTRADORES PJ,Número do C.N.P.J. do Sócio,10309,NÚMERO DO CNPJ DO SOCIO NÃO INFORMADO,,
3,SÓCIOS E OU ADMINISTRADORES PJ,Número do C.N.P.J. do Sócio,10310,"CNPJ INVÁLIDO, NÃO POSSUI A QUANTIDADE DE CARACTERES ESPERADO",,
3,SÓCIOS E OU ADMINISTRADORES PJ,Número da Inscrição na Junta Comercial,10311,NÚMERO DE NIRE NÃO INFORMADO,,
3,SÓCIOS E OU ADMINISTRADORES PJ,Número da Inscrição na Junta Comercial,10312,"NIRE INVÁLIDO, NÃO POSSUI A QUANTIDADE DE CARACTERES ESPERADO",,
3,SÓCIOS E OU ADMINISTRADORES PJ,Número da Inscrição do Sócio na Junta Comercial,10313,DATA DE TÉRMINO DO MANDATO NÃO INFORMADA,,
4,DADOS CADASTRAIS DOS SÓCIOS E OU ADMINISTRADORES  PF,Código do arquivo,10400,REMESSA SEM REGISTROS DE DADOS CADASTRAIS DOS SÓCIOS OU ADMINISTRADORES PF,,
4,DADOS CADASTRAIS DOS SÓCIOS E OU ADMINISTRADORES  PF,Código da Sequência da Pessoa,10401,CÓDIGO DA SEQUÊNCIA DA PESSOA NÃO INFORMADO,,
4,DADOS CADASTRAIS DOS SÓCIOS E OU ADMINISTRADORES  PF,Código da Junta Comercial,10402, CÓDIGO DA JUNTA COMERCIAL NÃO INFORMADO,,
4,DADOS CADASTRAIS DOS SÓCIOS E OU ADMINISTRADORES  PF,Nome da Pessoa,10403,NOME DA PESSOA NÃO INFORMADO,,
4,DADOS CADASTRAIS DOS SÓCIOS E OU ADMINISTRADORES  PF,Descrição do Logradouro,10404,DESCRIÇÃO DO LOGRADOURO NÃO INFORMADO,,
4,DADOS CADASTRAIS DOS SÓCIOS E OU ADMINISTRADORES  PF,Código do CEP,10405,CÓDIGO DO CEP NÃO INFORMADO,,
4,DADOS CADASTRAIS DOS SÓCIOS E OU ADMINISTRADORES  PF,Número do C.P.F.,10406,NÚMERO DO CPF NÃO INFORMADO,,
4,DADOS CADASTRAIS DOS SÓCIOS E OU ADMINISTRADORES  PF,Código da U.F.,10407,CÓDIGO DA U.F. NÃO INFORMADO,,
4,DADOS CADASTRAIS DOS SÓCIOS E OU ADMINISTRADORES  PF,Número da Inscrição na Junta Comercial,10408,NÚMERO DE NIRE NÃO INFORMADO,,
4,DADOS CADASTRAIS DOS SÓCIOS E OU ADMINISTRADORES  PF,Número da Inscrição na Junta Comercial,10409,"NIRE INVÁLIDO, NÃO POSSUI A QUANTIDADE DE CARACTERES ESPERADO",,
5,FILIAIS,Código do arquivo,10500,REMESSA SEM REGISTROS DE FILIAIS,,
5,FILIAIS,Código da Sequência da Empresa,10501,CÓDIGO DA SEQUÊNCIA DA EMPRESA NÃO INFORMADO,,
5,FILIAIS,Código da Junta Comercial,10502,CÓDIGO DA JUNTA COMERCIAL NÃO INFORMADO,,
5,FILIAIS,Número da Inscrição na Junta Comercial,10503,NÚMERO DE NIRE NÃO INFORMADO,,
5,FILIAIS,Número da Inscrição na Junta Comercial,10504,"NIRE INVÁLIDO, NÃO POSSUI A QUANTIDADE DE CARACTERES ESPERADO",,
5,FILIAIS,Nome da Empresa,10505,NOME DA EMPRESA NÃO INFORMADO,,
5,FILIAIS,Descrição do Logradouro,10506,DESCRIÇÃO DO LOGRADOURO NÃO INFORMADO,,
5,FILIAIS,Código do CEP,10507,CÓDIGO DO CEP NÃO INFORMADO,,
5,FILIAIS,Código da Situação da Empresa,10508,CÓDIGO DA SITUAÇÃO DA EMPRESA NÃO INFORMADA,,
5,FILIAIS,Data de Início das Atividades,10509,DATA DE INÍCIO DAS ATIVIDADES DA EMPRESA NÃO INFORMADA,,
5,FILIAIS,Data de Término das Atividades,10510,DATA DE TÉRMINO DAS ATIVIDADES DA EMPRESA NÃO INFORMADO,,
5,FILIAIS,Valor do Capital Social,10511,VALOR DO CAPITAL SOCIAL NÃO INFORMADO,,
5,FILIAIS,Código do Tipo de Moeda,10512,CÓDIGO DO TIPO DE MOEDA NÃO INFORMADO,,
5,FILIAIS,Data da Constituição,10513,DATA DA CONSTITUIÇÃO NÃO INFORMADA,,
5,FILIAIS,Código da Natureza Jurídica,10514,CÓDIGO DA SITUAÇÃO DA EMPRESA NÃO INFORMADA,,
5,FILIAIS,Número do C.N.P.J.,10515,"CNPJ INVÁLIDO, NÚMERO DO DOCUMENTO EM BRANCO OU ZERADO",,
5,FILIAIS,Número do C.N.P.J.,10516,"CNPJ INVÁLIDO, NÃO POSSUI A QUANTIDADE DE CARACTERES ESPERADO",,
5,FILIAIS,UF,10517,CAMPO UF NÃO INFORMADO,,
5,FILIAIS,Cidade,10518,CAMPO CIDADE NÃO INFORMADO,,
5,FILIAIS,NÚMERO último arquivamento,10519,ULTIMO ARQUIVAMENTO NÃO INFORMADO,,
5,FILIAIS,Data último arquivamento,10520,DATA ULTIMO ARQUIVAMENTO NÃO INFORMADA,,
6,RAMOS DE ATIVIDADE DA EMPRESA,Código do arquivo,10600,REMESSA SEM REGISTROS DE RAMOS DE ATIVIDADE DA EMPRESA,,
6,RAMOS DE ATIVIDADE DA EMPRESA,Código da Junta Comercial,10601,CÓDIGO DA JUNTA COMERCIAL NÃO INFORMADO,,
6,RAMOS DE ATIVIDADE DA EMPRESA,Código da Sequência da Empresa,10602,CÓDIGO DA SEQUÊNCIA DA EMPRESA NÃO INFORMADO,,
6,RAMOS DE ATIVIDADE DA EMPRESA,Código do Ramo de Atividade,10603,CÓDIGO DO RAMO DE ATIVIDADE NÃO INFORMADO,,
6,RAMOS DE ATIVIDADE DA EMPRESA,Código Ind. Princ. Secund.,10604,CÓDIGO IND. PRINC. SECUND. NÃO INFORMADO,,
6,RAMOS DE ATIVIDADE DA EMPRESA,Número da Inscrição na Junta Comercial,10605,NÚMERO DE NIRE NÃO INFORMADO,,
6,RAMOS DE ATIVIDADE DA EMPRESA,Número da Inscrição na Junta Comercial,10606,"NIRE INVÁLIDO, NÃO POSSUI A QUANTIDADE DE CARACTERES ESPERADO",,
7,CÓDIGO OU DESCRIÇÃO DE RAMOS DE ATIVIDADE DA EMPRESA,Código do arquivo,10700,REMESSA SEM REGISTROS DE RAMOS DE ATIVIDADE DA EMPRESA,,
7,CÓDIGO OU DESCRIÇÃO DE RAMOS DE ATIVIDADE DA EMPRESA,Código da Atividade,10701,CÓDIGO DO RAMO DE ATIVIDADE NÃO INFORMADO,,
7,CÓDIGO OU DESCRIÇÃO DE RAMOS DE ATIVIDADE DA EMPRESA,Descrição da Atividade,10702,DESCRIÇÃO DA  ATIVIDADE NÃO INFORMADO,,
10,DADOS DE SITUAÇÕES DE EMPRESA,Código do arquivo,11000,REMESSA SEM REGISTROS DE DADOS DE SITUAÇÕES DE EMPRESA DA EMPRESA,,
10,DADOS DE SITUAÇÕES DE EMPRESA,Código da Situação de Empresa,11001,CÓDIGO DO RAMO DE ATIVIDADE NÃO INFORMADO,,
10,DADOS DE SITUAÇÕES DE EMPRESA,Descrição da Situação de Empresa,11002,DESCRIÇÃO DA  SITUAÇÃO DA EMPRESA NÃO INFORMADO,,
11,DADOS DE NATUREZA JURÍDICA,Código do arquivo,11100,REMESSA SEM REGISTROS DE DADOS DE NATUREZA JURÍDICA,,
11,DADOS DE NATUREZA JURÍDICA,Código da Natureza Jurídica,11101,CÓDIGO DA NATUREZA JURÍDICA NÃO INFORMADO,,
11,DADOS DE NATUREZA JURÍDICA,Descrição da Natureza Jurídica,11102,DESCRIÇÃO DA  NATUREZA JURÍDICA NÃO INFORMADO,,
13,CÓDIGO OU DESCRIÇÃO DE VÍNCULOS (CONDIÇÃO) DOS PARTICIPANTES,Código do arquivo,11300,REMESSA SEM REGISTROS DE CÓDIGO OU DESCRIÇÃO DE VÍNCULOS (CONDIÇÃO) DOS PARTICIPANTES,,
13,CÓDIGO OU DESCRIÇÃO DE VÍNCULOS (CONDIÇÃO) DOS PARTICIPANTES,Código da Condição,11301,CÓDIGO DA CONDICAO NÃO INFORMADO,,
13,CÓDIGO OU DESCRIÇÃO DE VÍNCULOS (CONDIÇÃO) DOS PARTICIPANTES,Descrição da Condição,11302,DESCRIÇÃO DA  CONDICAO NÃO INFORMADO,,
14,CÓDIGO OU DESCRIÇÃO DE ATOS,Código do arquivo,11400,REMESSA SEM REGISTROS DE CÓDIGO OU DESCRIÇÃO DE ATOS,,
14,CÓDIGO OU DESCRIÇÃO DE ATOS,Código do Ato,11401,CÓDIGO DO ATO NÃO INFORMADO,,
14,CÓDIGO OU DESCRIÇÃO DE ATOS,Descrição do Ato,11402,DESCRIÇÃO DE ATOS NÃO INFORMADO,,
15,DADOS CADASTRAIS DOS SÓCIOS E OU ADMINISTRADORES PJ,Código do arquivo,11500,REMESSA SEM REGISTROS DE  DADOS CADASTRAIS DOS SÓCIOS E OU ADMINISTRADORES PJ,,
15,DADOS CADASTRAIS DOS SÓCIOS E OU ADMINISTRADORES PJ,Código da Sequência da Empresa,11501,CÓDIGO DE SEQUÊNCIA DA EMPRESA INVÁLIDO,,
15,DADOS CADASTRAIS DOS SÓCIOS E OU ADMINISTRADORES PJ,Código da Sequência da Empresa,11502,CÓDIGO DE SEQUÊNCIA DA EMPRESA NÃO INFORMADO,,
15,DADOS CADASTRAIS DOS SÓCIOS E OU ADMINISTRADORES PJ,Código da Junta Comercial,11503,CÓDIGO DA JUNTA COMERCIAL NÃO INFORMADO,,
15,DADOS CADASTRAIS DOS SÓCIOS E OU ADMINISTRADORES PJ,Número da Inscrição na Junta Comercial,11504,NÚMERO DE NIRE NÃO INFORMADO,,
15,DADOS CADASTRAIS DOS SÓCIOS E OU ADMINISTRADORES PJ,Número da Inscrição na Junta Comercial,11505,"NIRE INVÁLIDO, NÃO POSSUI A QUANTIDADE DE CARACTERES ESPERADO",,
15,DADOS CADASTRAIS DOS SÓCIOS E OU ADMINISTRADORES PJ,Nome da Empresa,11506,NOME DA EMPRESA NÃO INFORMADO,,
15,DADOS CADASTRAIS DOS SÓCIOS E OU ADMINISTRADORES PJ,Descrição do Logradouro,11507,DESCRIÇÃO DO LOGRADOURO NÃO INFORMADO,,
15,DADOS CADASTRAIS DOS SÓCIOS E OU ADMINISTRADORES PJ,Código do CEP,11508,CÓDIGO DO CEP NÃO INFORMADO,,
15,DADOS CADASTRAIS DOS SÓCIOS E OU ADMINISTRADORES PJ,Código da Situação da Empresa,11509,CÓDIGO DA SITUAÇÃO DA EMPRESA NÃO INFORMADA,,
15,DADOS CADASTRAIS DOS SÓCIOS E OU ADMINISTRADORES PJ,Data de Início das Atividades,11510,DATA DE INÍCIO DAS ATIVIDADES DA EMPRESA NÃO INFORMADA,,
15,DADOS CADASTRAIS DOS SÓCIOS E OU ADMINISTRADORES PJ,Data de Término das Atividades,11511,DATA DE TÉRMINO DAS ATIVIDADES DA EMPRESA NÃO INFORMADO,,
15,DADOS CADASTRAIS DOS SÓCIOS E OU ADMINISTRADORES PJ,Valor do Capital Social,11512,VALOR DO CAPITAL SOCIAL NÃO INFORMADO,,
15,DADOS CADASTRAIS DOS SÓCIOS E OU ADMINISTRADORES PJ,Código do Tipo de Moeda,11513,CÓDIGO DO TIPO DE MOEDA NÃO INFORMADO,,
15,DADOS CADASTRAIS DOS SÓCIOS E OU ADMINISTRADORES PJ,Data da Constituição,11514,DATA DA CONSTITUIÇÃO NÃO INFORMADA,,
15,DADOS CADASTRAIS DOS SÓCIOS E OU ADMINISTRADORES PJ,Código da Natureza Jurídica,11515,CÓDIGO DA SITUAÇÃO DA EMPRESA NÃO INFORMADA,,
15,DADOS CADASTRAIS DOS SÓCIOS E OU ADMINISTRADORES PJ,Número do C.N.P.J.,11516,"CNPJ INVÁLIDO, NÚMERO DO DOCUMENTO EM BRANCO OU ZERADO",,
15,DADOS CADASTRAIS DOS SÓCIOS E OU ADMINISTRADORES PJ,Número do C.N.P.J.,11517,"CNPJ INVÁLIDO, NÃO POSSUI A QUANTIDADE DE CARACTERES ESPERADO",,
15,DADOS CADASTRAIS DOS SÓCIOS E OU ADMINISTRADORES PJ,Código da U.F.,11518,CAMPO UF NÃO INFORMADO,,
15,DADOS CADASTRAIS DOS SÓCIOS E OU ADMINISTRADORES PJ,Número da Inscrição na Junta Comercial,11519,NÚMERO DE NIRE NÃO INFORMADO,,
15,DADOS CADASTRAIS DOS SÓCIOS E OU ADMINISTRADORES PJ,Número da Inscrição na Junta Comercial,11520,"NIRE INVÁLIDO, NÃO POSSUI A QUANTIDADE DE CARACTERES ESPERADO",,
17,DADOS COMPLEMENTARES PJ,Código do arquivo,11700,REMESSA SEM REGISTROS DE  DADOS COMPLEMENTARES PJ,,
17,DADOS COMPLEMENTARES PJ,Número da Inscrição na Junta Comercial,11701,NÚMERO DE NIRE NÃO INFORMADO,,
17,DADOS COMPLEMENTARES PJ,Número da Inscrição na Junta Comercial,11702,"NIRE INVÁLIDO, NÃO POSSUI A QUANTIDADE DE CARACTERES ESPERADO",,
17,DADOS COMPLEMENTARES PJ,Número do C.N.P.J.,11703,"CNPJ INVÁLIDO, NÚMERO DO DOCUMENTO EM BRANCO OU ZERADO",,
17,DADOS COMPLEMENTARES PJ,Número do C.N.P.J.,11704,"CNPJ INVÁLIDO, NÃO POSSUI A QUANTIDADE DE CARACTERES ESPERADO",,
17,DADOS COMPLEMENTARES PJ,Data de Inserção do Capital,11705,DATA DE INSERCAO DO CAPITAL NÃO INFORMADO,,
17,DADOS COMPLEMENTARES PJ,Data da Razão Social,11706,DATA DA RAZAO SOCIAL NÃO INFORMADO,,
17,DADOS COMPLEMENTARES PJ,Razão Social Anterior,11707,RAZAO SOCIAL ANTERIOR NÃO INFORMADA,,
17,DADOS COMPLEMENTARES PJ,Data da Razão Social Anterior,11708,DATA DA RAZAO SOCIAL ANTERIOR NÃO INFORMADA,,
17,DADOS COMPLEMENTARES PJ,Número do Nire da Matriz,11709,NÚMERO DO NIRE DA MATRIZ NÃO INFORMADO,,
18,DADOS COMPLEMENTARES DOS SÓCIOS,Código do arquivo,11800,REMESSA SEM REGISTROS DE  DADOS COMPLEMENTARES DOS SÓCIOS,,
18,DADOS COMPLEMENTARES DOS SÓCIOS,Número da Inscrição na Junta Comercial,11801,NÚMERO DE NIRE NÃO INFORMADO,,
18,DADOS COMPLEMENTARES DOS SÓCIOS,Número da Inscrição na Junta Comercial,11802,"NIRE INVÁLIDO, NÃO POSSUI A QUANTIDADE DE CARACTERES ESPERADO",,
18,DADOS COMPLEMENTARES DOS SÓCIOS,Tipo de Pessoa (“F” / ”J”),11803,TIPO DE PESSOA NÃO INFORMADO,,
18,DADOS COMPLEMENTARES DOS SÓCIOS,Número do Documento,11804,NÚMERO DO DOCUMENTO NÃO INFORMADO,,
18,DADOS COMPLEMENTARES DOS SÓCIOS,Dígito do Documento,11805,DIGITO DO DOCUMENTO NÃO INFORMADO,,
18,DADOS COMPLEMENTARES DOS SÓCIOS,Descrição do Tipo do Sócio,11806,DESCRIÇÃO DO TIPO DO SOCIO NÃO INFORMADO,,
18,DADOS COMPLEMENTARES DOS SÓCIOS,NIRE do Sócio,11807,NIRE DO SOCIO NÃO INFORMADO,,
98,LINHA INFORMATIVA,Código do arquivo,19800,REMESSA SEM O REGISTRO DE LINHA INFORMATIVA,,
99,TRAILER,Código do arquivo,19900,TRAILER NÃO ENCONTRADO,,
99,TRAILER,Texto descritivo do ato com 15 dígitos,19901,TEXTO DESCRITIVO DO ATO COM 15 DIGITOS NÃO INFORMADO(SEDE CONSTITUICOES),,
99,TRAILER,Qtde. de Constituições – sede,19902,QUANTIDADE DE CONSTITUICOES DA SEDE NÃO INFORMADO,,
99,TRAILER,Texto descritivo do ato com 15 dígitos,19903,TEXTO DESCRITIVO DO ATO COM 15 DIGITOS NÃO INFORMADO(SEDE ALTERACOES),,
99,TRAILER,Qtde. de Alterações – sede,19904,QUANTIDADE DE ALTERACOES DA SEDE NÃO INFORMADO,,
99,TRAILER,Texto descritivo do ato com 15 dígitos,19905,TEXTO DESCRITIVO DO ATO COM 15 DIGITOS NÃO INFORMADO (SEDE EXTINCOES),,
99,TRAILER,Qtde. de Extinções – sede,19906,QUANTIDADE DE EXTINCOES DA SEDE NÃO INFORMADO,,
99,TRAILER,Texto descritivo do ato com 15 dígitos,19907,TEXTO DESCRITIVO DO ATO COM 15 DIGITOS NÃO INFORMADO(FILIAIS CONSTITUICOES),,
99,TRAILER,Qtde. de Constituições – filiais,19908,QUANTIDADE DE CONSTITUICOES DAS FILIAIS NÃO INFORMADO,,
99,TRAILER,Texto descritivo do ato com 15 dígitos,19909,TEXTO DESCRITIVO DO ATO COM 15 DIGITOS NÃO INFORMADO(FILIAIS ALTERACOES),,
99,TRAILER,Qtde. de Alterações – filiais,19910,QUANTIDADE DE ALTERACOES DAS FILIAIS NÃO INFORMADO,,
99,TRAILER,Texto descritivo do ato com 15 dígitos,19911,TEXTO DESCRITIVO DO ATO COM 15 DIGITOS NÃO INFORMADO(FILIAIS EXTINCOES),,
99,TRAILER,Qtde. de Extinções – filiais,19912,QUANTIDADE DE EXTINCOES DAS FILIAIS NÃO INFORMADO,,
99,TRAILER,Texto descritivo do ato com 15 dígitos,19913,TEXTO DESCRITIVO DO ATO COM 15 DIGITOS NÃO INFORMADO(SEDE RETIFICACOES),,
99,TRAILER,Qtde. de Retificações – sede,19914,QUANTIDADE DE RETIFICACOES DA SEDE NÃO INFORMADO,,
99,TRAILER,Texto descritivo do ato com 15 dígitos,19915, TEXTO DESCRITIVO DO ATO COM 15 DIGITOS NÃO INFORMADO(FILIAIS RETIFICACOES),,
99,TRAILER,Qtde. de Retificações – filiais,19916,QUANTIDADE DE RETIFICACOES DAS FILIAIS NÃO INFORMADO,,
0,HEADER,Código da Junta Comercial ,20000,CODIGO DA JUNTA INVÁLIDO,,
0,HEADER,Sigla da Unidade Federativa da Junta,20001,SIGLA DA UNIDADE FEDERATIVA DA JUNTA INVALIDA,,
0,HEADER,Sigla da Unidade Federativa da Junta,20002,SIGLA DA UNIDADE FEDERATIVA DA JUNTA NAO CORRESPONDE AO CODIGO DA JUNTA COMERCIAL,,
0,HEADER,Data do Período de Remessa – de,20003,DATA INICIAL DO PERIODO DA REMESSA ZERADA,,
0,HEADER,Data do Período de Remessa – de,20004,DATA INICIAL DO PERIODO DA REMESSA INVALIDA,,
0,HEADER,Data do Período de Remessa – de,20005,DATA INICIAL DO PERIODO DA REMESSA SUPERIOR A DATA ATUAL,,
0,HEADER,Data do Período de Remessa – ate,20006,DATA FINAL DO PERIODO DA REMESSA ZERADA,,
0,HEADER,Data do Período de Remessa – ate,20007,DATA FINAL DO PERIODO DA REMESSA INVALIDA,,
0,HEADER,Data do Período de Remessa – ate,20008,DATA INCIAL DA REMESSA MAIOR QUE DATA FINAL DA REMESSA,,
0,HEADER,Data do Período de Remessa – ate,20009,DATA FINAL DO PERIODO DA REMESSA SUPERIOR A DATA ATUAL,,
0,HEADER,Data do Período de Remessa – ate,20010,REMESSA TIPO RN OU RT JÁ ENVIADA ANTERIORMENTE,,
0,HEADER,Data do Período de Remessa – ate,20011,REMESSA TIPO RC OU RR INVÁLIDA,,
0,HEADER,Data de Envio da Remessa,20012,DATA DE ENVIO DA REMESSA INVÁLIDA,,
0,HEADER,Data de Envio da Remessa,20013,DATA DE ENVIO DA REMESSA VÁLIDA,,
0,HEADER,Data de Envio da Remessa,20014,DATA DE ENVIO DA REMESSA MAIOR QUE A DATA ATUAL,,
1,EMPRESAS,Código da Junta Comercial,20100,CODIGO DA JUNTA INVALIDO,,
1,EMPRESAS,Número da Inscrição na Junta Comercial,20101,NÚMERO DA INSCRIÇÃO NA JUNTA COMERCIAL VÁLIDO,,
1,EMPRESAS,Número da Inscrição na Junta Comercial,20102,NÚMERO DA INSCRIÇÃO NA JUNTA COMERCIAL INVÁLIDO,,
1,EMPRESAS,Nome da Empresa,20103,CONTÉM BAD WORD NO NOME DA EMPRESA,,
1,EMPRESAS,Código da Situação da Empresa,20104,CODIGO DA SITUACAO DA EMPRESA VÁLIDA,,
1,EMPRESAS,Código da Situação da Empresa,20105,CODIGO DA SITUACAO DA EMPRESA INVÁLIDA,,
1,EMPRESAS,Data de Início das Atividades,20106,DATA DE INÍCIO DAS ATIVIDADES INVÁLIDA,,
1,EMPRESAS,Data de Início das Atividades,20107,DATA DE INICIO DAS ATIVIDADES MAIOR QUE A DATA ATUAL,,
1,EMPRESAS,Data de Início das Atividades,20108,DATA DE INÍCIO DAS ATIVIDADES VÁLIDA,,
1,EMPRESAS,Data de Término das Atividades,20109,DATA DE TÉRMINO DAS ATIVIDADES INVÁLIDA,,
1,EMPRESAS,Data de Término das Atividades,20110,DATA DE TÉRMINO DAS ATIVIDADES MAIOR QUE A DATA ATUAL,,
1,EMPRESAS,Data de Término das Atividades,20111,DATA DE TÉRMINO DAS ATIVIDADES MENOR QUE A DATA DE INÍCIO DAS ATIVIDADES,,
1,EMPRESAS,Data de Término das Atividades,20112,DATA DE TÉRMINO DAS ATIVIDADES VÁLIDA,,
1,EMPRESAS,Valor do Capital Social,20113,VALOR DO CAPITAL SOCIAL COM ZEROS OU EM BRANCO,,
1,EMPRESAS,Valor do Capital Social,20114,VALOR DO CAPITAL SOCIAL PREENCHIDO CORRETAMENTE,,
1,EMPRESAS,Código do Tipo de Moeda,20115,CODIGO DO TIPO DE MOEDA VÁLIDO,,
1,EMPRESAS,Código do Tipo de Moeda,20116,CODIGO DO TIPO DE MOEDA INVÁLIDO,,
1,EMPRESAS,Data da Constituição,20117,DATA DA CONSTITUIÇÃO INVÁLIDA,,
1,EMPRESAS,Data da Constituição,20118,DATA DA CONSTITUIÇÃO MAIOR QUE A DATA ATUAL,,
1,EMPRESAS,Data da Constituição,20119,DATA DA CONSTITUIÇÃO VÁLIDA,,
1,EMPRESAS,Código da Natureza Jurídica,20120,CÓDIGO DA NATUREZA JURÍDICA INVÁLIDO,,
1,EMPRESAS,Código da Natureza Jurídica,20121,CÓDIGO DA NATUREZA JURÍDICA VÁLIDO,,
1,EMPRESAS,Número do C.N.P.J.,20122,CNPJ VÁLIDO,,
1,EMPRESAS,Número do C.N.P.J.,20123,CNPJ INVÁLIDO,,
1,EMPRESAS,Data da Última Alteração Contratual,20124,DATA DA ÚLTIMA ALTERAÇÃO CONTRATUAL INVÁLIDA,,
1,EMPRESAS,Data da Última Alteração Contratual,20125,DATA DA ÚLTIMA ALTERAÇÃO CONTRATUAL MAIOR QUE A DATA ATUAL,,
1,EMPRESAS,Data da Última Alteração Contratual,20126,DATA DA ÚLTIMA ALTERAÇÃO CONTRATUAL VÁLIDA,,
1,EMPRESAS,Nome da Empresa Antecessora,20127,CONTÉM BAD WORD NO NOME DA EMPRESA ANTECESSORA,,
1,EMPRESAS,Código da U.F.,20128,CODIGO DA U.F. VALIDO,,
1,EMPRESAS,Código da U.F.,20129,CODIGO DA U.F. NAO INVALIDO,,
1,EMPRESAS,Atos,20132,ATOS VALIDO,,
1,EMPRESAS,Atos,20133,ATOS INVALIDO,,
1,EMPRESAS,Número último arquivamento,20130,NUMERO DO ULTIMO ARQUIVO PREENCHIDO COM ZEROS OU EM BRANCO,,
1,EMPRESAS,Número último arquivamento,20131,NUMERO DO ULTIMO ARQUIVO PREENCHIDO ADEQUADAMENTE,,
2,SÓCIOS E OU ADMINISTRADORES PF,Código da Junta Comercial,20200,CODIGO DA JUNTA DIVERGENTE DO CADASTRADO,,
2,SÓCIOS E OU ADMINISTRADORES PF,Código da Condição,20201,CODIGO DA CONDICAO INVALIDA,,
2,SÓCIOS E OU ADMINISTRADORES PF,Código da Condição,20202,CODIGO DA CONDICAO VALIDA,,
2,SÓCIOS E OU ADMINISTRADORES PF,Data da Vinculação,20203,DATA DA VINCULAÇÃO INVÁLIDA,,
2,SÓCIOS E OU ADMINISTRADORES PF,Data da Vinculação,20204,Data da vinculação maior que a data atual,,
2,SÓCIOS E OU ADMINISTRADORES PF,Data da Vinculação,20205,Data da vinculação válida,,
2,SÓCIOS E OU ADMINISTRADORES PF,Data do Desligamento,20206,Data do desligamento inválida,,
2,SÓCIOS E OU ADMINISTRADORES PF,Data do Desligamento,20207,Data do desligamento maior que a data atual,,
2,SÓCIOS E OU ADMINISTRADORES PF,Data do Desligamento,20208,Data do desligamento válida,,
2,SÓCIOS E OU ADMINISTRADORES PF,Valor do Capital Social,20209,VALOR DO CAPITAL SOCIAL COM ZEROS OU EM BRANCO,,
2,SÓCIOS E OU ADMINISTRADORES PF,Valor do Capital Social,20210,VALOR DO CAPITAL SOCIAL PREENCHIDO CORRETAMENTE,,
2,SÓCIOS E OU ADMINISTRADORES PF,Código do Tipo de Moeda,20211,CÓDIGO DO TIPO DE MOEDA VÁLIDO,,
2,SÓCIOS E OU ADMINISTRADORES PF,Código do Tipo de Moeda,20212,CODIGO DO TIPO DE MOEDA INVÁLIDO,,
2,SÓCIOS E OU ADMINISTRADORES PF,Número do C.P.F.,20213,CPF do sócio válido,,
2,SÓCIOS E OU ADMINISTRADORES PF,Número do C.P.F.,20214,CPF do sócio inválido,,
2,SÓCIOS E OU ADMINISTRADORES PF,Número da Inscrição na Junta Comercial,20215,Número da Inscrição na Junta Comercial válido,,
2,SÓCIOS E OU ADMINISTRADORES PF,Número da Inscrição na Junta Comercial,20216,Número da Inscrição na Junta Comercial inválido,,
2,SÓCIOS E OU ADMINISTRADORES PF,Data de Término do Mandato,20217,Data de término do mandato inválida,,
2,SÓCIOS E OU ADMINISTRADORES PF,Data de Término do Mandato,20218,Data de término do mandato maior que a data atual,,
2,SÓCIOS E OU ADMINISTRADORES PF,Data de Término do Mandato,20219,Data de término do mandato válida,,
3,SÓCIOS E OU ADMINISTRADORES PJ,Código da Junta Comercial,20300,CODIGO DA JUNTA DIVERGENTE DO CADASTRADO,,
3,SÓCIOS E OU ADMINISTRADORES PJ,Código da Condição,20301,CODIGO DA CONDICAO INVALIDA,,
3,SÓCIOS E OU ADMINISTRADORES PJ,Código da Condição,20302,CODIGO DA CONDICAO VALIDA,,
3,SÓCIOS E OU ADMINISTRADORES PJ,Data da Vinculação,20303,DATA DA VINCULACAO INVALIDA,,
3,SÓCIOS E OU ADMINISTRADORES PJ,Data da Vinculação,20304,DATA DA VINCULACAO MAIOR QUE A DATA ATUAL,,
3,SÓCIOS E OU ADMINISTRADORES PJ,Data da Vinculação,20305,DATA DA VINCULACAO VALIDA,,
3,SÓCIOS E OU ADMINISTRADORES PJ,Data do Desligamento,20306,DATA DO DESLIGAMENTO INVALIDA,,
3,SÓCIOS E OU ADMINISTRADORES PJ,Data do Desligamento,20307,DATA DO DESLIGAMENTO MAIOR QUE A DATA ATUAL,,
3,SÓCIOS E OU ADMINISTRADORES PJ,Data do Desligamento,20308,DATA DO DESLIGAMENTO VALIDA,,
3,SÓCIOS E OU ADMINISTRADORES PJ,Valor do Capital Social,20309,VALOR DO CAPITAL SOCIAL COM ZEROS,,
3,SÓCIOS E OU ADMINISTRADORES PJ,Valor do Capital Social,20310,VALOR DO CAPITAL SOCIAL PREENCHIDO ADEQUADAMENTE,,
3,SÓCIOS E OU ADMINISTRADORES PJ,Código do Tipo de Moeda,20311,CÓDIGO DO TIPO DE MOEDA VÁLIDO,,
3,SÓCIOS E OU ADMINISTRADORES PJ,Código do Tipo de Moeda,20312,CODIGO DO TIPO DE MOEDA INVÁLIDO,,
3,SÓCIOS E OU ADMINISTRADORES PJ,Número do C.N.P.J. do Sócio,20313,CNPJ VÁLIDO,,
3,SÓCIOS E OU ADMINISTRADORES PJ,Número do C.N.P.J. do Sócio,20314,CNPJ INVÁLIDO,,
3,SÓCIOS E OU ADMINISTRADORES PJ,Número da Inscrição na Junta Comercial,20315,NÚMERO DA INSCRIÇÃO NA JUNTA COMERCIAL VÁLIDO,,
3,SÓCIOS E OU ADMINISTRADORES PJ,Número da Inscrição na Junta Comercial,20316,NÚMERO DA INSCRIÇÃO NA JUNTA COMERCIAL INVÁLIDO,,
3,SÓCIOS E OU ADMINISTRADORES PJ,Número da Inscrição do Sócio na Junta Comercial,20317,NÚMERO DA INSCRIÇÃO DO SOCIO NA JUNTA COMERCIAL VÁLIDO,,
3,SÓCIOS E OU ADMINISTRADORES PJ,Número da Inscrição do Sócio na Junta Comercial,20318,NÚMERO DA INSCRIÇÃO DO SOCIO NA JUNTA COMERCIAL INVÁLIDO,,
4,DADOS CADASTRAIS DOS SÓCIOS E OU ADMINISTRADORES  PF,Código da Junta Comercial,20400,CODIGO DA JUNTA DIVERGENTE DO CADASTRADO,,
4,DADOS CADASTRAIS DOS SÓCIOS E OU ADMINISTRADORES  PF,Nome da Pessoa,20401,CONTÉM BAD WORD NO NOME DA PESSOA,,
4,DADOS CADASTRAIS DOS SÓCIOS E OU ADMINISTRADORES  PF,Número do C.P.F.,20402,CPF DO SOCIO VALIDO,,
4,DADOS CADASTRAIS DOS SÓCIOS E OU ADMINISTRADORES  PF,Número do C.P.F.,20403,CPF DO SOCIO INVALIDO,,
4,DADOS CADASTRAIS DOS SÓCIOS E OU ADMINISTRADORES  PF,Código da U.F.,20404,CODIGO DA U.F. VALIDO,,
4,DADOS CADASTRAIS DOS SÓCIOS E OU ADMINISTRADORES  PF,Código da U.F.,20405,CODIGO DA U.F. NAO INVALIDO,,
4,DADOS CADASTRAIS DOS SÓCIOS E OU ADMINISTRADORES  PF,Número da Inscrição na Junta Comercial,20406,NÚMERO DA INSCRIÇÃO NA JUNTA COMERCIAL VÁLIDO,,
4,DADOS CADASTRAIS DOS SÓCIOS E OU ADMINISTRADORES  PF,Número da Inscrição na Junta Comercial,20407,NÚMERO DA INSCRIÇÃO NA JUNTA COMERCIAL INVÁLIDO,,
5,FILIAIS,Código da Junta Comercial,20500,CODIGO DA JUNTA DIVERGENTE DO CADASTRADO,,
5,FILIAIS,Número da Inscrição na Junta Comercial,20501,NÚMERO DA INSCRIÇÃO NA JUNTA COMERCIAL VÁLIDO,,
5,FILIAIS,Número da Inscrição na Junta Comercial,20502,NÚMERO DA INSCRIÇÃO NA JUNTA COMERCIAL INVÁLIDO,,
5,FILIAIS,Número da Inscrição da Sede na Junta Comercial,20503,NÚMERO DA INSCRIÇÃO DA SEDE NA JUNTA COMERCIAL VÁLIDO,,
5,FILIAIS,Número da Inscrição da Sede na Junta Comercial,20504, NÚMERO DA INSCRIÇÃO DA SEDE NA JUNTA COMERCIAL INVÁLIDO,,
5,FILIAIS,Nome da Empresa,20505,CONTÉM BAD WORD NO NOME DA EMPRESA,,
5,FILIAIS,Código da Situação da Empresa,20506,CODIGO DA SITUACAO DA EMPRESA VÁLIDA,,
5,FILIAIS,Código da Situação da Empresa,20507,CODIGO DA SITUACAO DA EMPRESA INVÁLIDA,,
5,FILIAIS,Data de Início das Atividades,20508,DATA DE INÍCIO DAS ATIVIDADES INVÁLIDA,,
5,FILIAIS,Data de Início das Atividades,20509,DATA DE INICIO DAS ATIVIDADES MAIOR QUE A DATA ATUAL,,
5,FILIAIS,Data de Início das Atividades,20510,DATA DE INÍCIO DAS ATIVIDADES VÁLIDA,,
5,FILIAIS,Data de Término das Atividades,20511,DATA DE TÉRMINO DAS ATIVIDADES INVÁLIDA,,
5,FILIAIS,Data de Término das Atividades,20512,DATA DE TÉRMINO DAS ATIVIDADES MAIOR QUE A DATA ATUAL,,
5,FILIAIS,Data de Término das Atividades,20513,DATA DE TÉRMINO DAS ATIVIDADES MENOR QUE A DATA DE INÍCIO DAS ATIVIDADES,,
5,FILIAIS,Data de Término das Atividades,20514,DATA DE TÉRMINO DAS ATIVIDADES VÁLIDA,,
5,FILIAIS,Valor do Capital Social,20515, VALOR DO CAPITAL SOCIAL COM ZEROS OU EM BRANCO,,
5,FILIAIS,Valor do Capital Social,20516,VALOR DO CAPITAL SOCIAL PREENCHIDO CORRETAMENTE,,
5,FILIAIS,Código do Tipo de Moeda,20517,CÓDIGO DO TIPO DE MOEDA VÁLIDO,,
5,FILIAIS,Código do Tipo de Moeda,20518,CODIGO DO TIPO DE MOEDA INVÁLIDO,,
5,FILIAIS,Data da Constituição,20519,DATA DA CONSTITUIÇÃO INVÁLIDA,,
5,FILIAIS,Data da Constituição,20520,DATA DA CONSTITUIÇÃO MAIOR QUE A DATA ATUAL,,
5,FILIAIS,Data da Constituição,20521,DATA DA CONSTITUIÇÃO VÁLIDA,,
5,FILIAIS,Código da Natureza Jurídica,20522,CÓDIGO DA NATUREZA JURÍDICA INVÁLIDO,,
5,FILIAIS,Código da Natureza Jurídica,20523,CÓDIGO DA NATUREZA JURÍDICA VÁLIDO,,
5,FILIAIS,Número do C.N.P.J.,20524,CNPJ VÁLIDO,,
5,FILIAIS,Número do C.N.P.J.,20525,CNPJ INVÁLIDO,,
5,FILIAIS,UF,20526,CODIGO DA UF VALIDO,,
5,FILIAIS,UF,20527,CODIGO DA UF INVALIDO,,
5,FILIAIS,Cidade,20528,Nome cidade em branco,,
5,FILIAIS,NÚMERO último arquivamento,20529,NUMERO DO ULTIMO ARQUIVAMENTO PREENCHIDO COM ZEROS APENAS OU EM BRANCO,,
5,FILIAIS,NÚMERO último arquivamento,20530,NUMERO DO ULTIMO ARQUIVAMENTO PREENCHIDO COM NUMEROS,,
5,FILIAIS,Data último arquivamento,20531,DATA ULTIMO ARQUIVAMENTOINVÁLIDA,,
5,FILIAIS,Data último arquivamento,20532,DATA ULTIMO ARQUIVAMENTO MAIOR QUE A DATA ATUAL,,
5,FILIAIS,Data último arquivamento,20533,DATA ULTIMO ARQUIVAMENTO VÁLIDA,,
6,RAMOS DE ATIVIDADE DA EMPRESA,Código da Junta Comercial,20600,CODIGO DA JUNTA DIVERGENTE DO CADASTRADO,,
6,RAMOS DE ATIVIDADE DA EMPRESA,Código do Ramo de Atividade,20601,CODIGO DO RAMO DE ATIVIDADE VALIDO,,
6,RAMOS DE ATIVIDADE DA EMPRESA,Código do Ramo de Atividade,20602,CODIGO DO RAMO DE ATIVIDADE INVALIDO,,
6,RAMOS DE ATIVIDADE DA EMPRESA,Número da Inscrição na Junta Comercial,20603,NÚMERO DA INSCRIÇÃO NA JUNTA COMERCIAL VÁLIDO,,
6,RAMOS DE ATIVIDADE DA EMPRESA,Número da Inscrição na Junta Comercial,20604,NÚMERO DA INSCRIÇÃO NA JUNTA COMERCIAL INVÁLIDO,,
7,CÓDIGO OU DESCRIÇÃO DE RAMOS DE ATIVIDADE DA EMPRESA,Código da Atividade,20700,CODIGO DA ATIVIDADE PREENCHIDO COM ZEROS OU EM BRANCO,,
7,CÓDIGO OU DESCRIÇÃO DE RAMOS DE ATIVIDADE DA EMPRESA,Código da Atividade,20701,CODIGO DA ATIVIDADE PREENCHIDO ADEQUADAMENTE,,
7,CÓDIGO OU DESCRIÇÃO DE RAMOS DE ATIVIDADE DA EMPRESA,Descrição da Atividade,20702,DESCRICAO DA ATIVIDADE PREENCHIDO COM NUMEROS OU EM BRANCO,,
7,CÓDIGO OU DESCRIÇÃO DE RAMOS DE ATIVIDADE DA EMPRESA,Descrição da Atividade,20703,DESCRICAO DA ATIVDADE PREENCHIDO ADEQUADAMENTE,,
10,DADOS DE SITUAÇÕES DE EMPRESA,Código da Situação de Empresa,21000,CODIGO DA SITUAÇÃO DA EMPRESA COM ZEROS OU EM BRANCO,,
10,DADOS DE SITUAÇÕES DE EMPRESA,Código da Situação de Empresa,21001,CODIGO DA SITUACAO DA EMPRESA PREENCHIDO ADEQUADAMENTE,,
10,DADOS DE SITUAÇÕES DE EMPRESA,Descrição da Situação de Empresa,21002,DESCRICAO DA SITUACAO DA EMPRESA PREENCHIDO COM NUMEROS OU EM BRANCO,,
10,DADOS DE SITUAÇÕES DE EMPRESA,Descrição da Situação de Empresa,21003,DESCRICAO DA SITUACAO DA EMPRESA PREENCHIDO ADEQUADAMENTE,,
11,DADOS DE NATUREZA JURÍDICA,Código da Natureza Jurídica,21100,CODIGO DA NATUREZA JURIDICA COM ZEROS OU EM BRANCO,,
11,DADOS DE NATUREZA JURÍDICA,Código da Natureza Jurídica,21101,CODIGO DA NATUREZA JURIDICA PREENCHIDO ADEQUADAMENTE,,
11,DADOS DE NATUREZA JURÍDICA,Descrição da Natureza Jurídica,21102,DESCRICAO DA NATUREZA JURIDICA PREENCHIDO COM NUMEROS OU EM BRANCO,,
11,DADOS DE NATUREZA JURÍDICA,Descrição da Natureza Jurídica,21103,DESCRICAO DA NATUREZA JURIDICA PREENCHIDO ADEQUADAMENTE,,
13,CÓDIGO OU DESCRIÇÃO DE VÍNCULOS (CONDIÇÃO) DOS PARTICIPANTES,Código da Condição,21300,CODIGO DA CONDICAO COM ZEROS OU EM BRANCO,,
13,CÓDIGO OU DESCRIÇÃO DE VÍNCULOS (CONDIÇÃO) DOS PARTICIPANTES,Código da Condição,21301,CODIGO DA CONDICAO PREENCHIDO ADEQUADAMENTE,,
13,CÓDIGO OU DESCRIÇÃO DE VÍNCULOS (CONDIÇÃO) DOS PARTICIPANTES,Descrição da Condição,21302,DESCRICAO DA CONDICAO PREENCHIDO COM NUMEROS OU EM BRANCO,,
13,CÓDIGO OU DESCRIÇÃO DE VÍNCULOS (CONDIÇÃO) DOS PARTICIPANTES,Descrição da Condição,21303,DESCRICAO DA CONDICAO PREENCHIDO ADEQUADAMENTE,,
14,CÓDIGO OU DESCRIÇÃO DE ATOS,Código do Ato,21400,CODIGO DO ATO COM ZEROS OU EM BRANCO,,
14,CÓDIGO OU DESCRIÇÃO DE ATOS,Código do Ato,21401,CODIGO DO ATO PREENCHIDO ADEQUADAMENTE,,
14,CÓDIGO OU DESCRIÇÃO DE ATOS,Descrição do Ato,21402,DESCRICAO DO ATO PREENCHIDO COM NUMEROS OU EM BRANCO,,
14,CÓDIGO OU DESCRIÇÃO DE ATOS,Descrição do Ato,21403,DESCRICAO DO ATO PREENCHIDO ADEQUADAMENTE,,
15,DADOS CADASTRAIS DOS SÓCIOS E OU ADMINISTRADORES PJ,Código da Junta Comercial,21500,CODIGO DA JUNTA DIVERGENTE DO CADASTRADO,,
15,DADOS CADASTRAIS DOS SÓCIOS E OU ADMINISTRADORES PJ,Número da Inscrição na Junta Comercial,21501,NÚMERO DA INSCRIÇÃO NA JUNTA COMERCIAL VÁLIDO,,
15,DADOS CADASTRAIS DOS SÓCIOS E OU ADMINISTRADORES PJ,Número da Inscrição na Junta Comercial,21502,NÚMERO DA INSCRIÇÃO NA JUNTA COMERCIAL INVÁLIDO,,
15,DADOS CADASTRAIS DOS SÓCIOS E OU ADMINISTRADORES PJ,Nome da Empresa,21503,CONTÉM BAD WORD NO NOME DA EMPRESA,,
15,DADOS CADASTRAIS DOS SÓCIOS E OU ADMINISTRADORES PJ,Código da Situação da Empresa,21504,CODIGO DA SITUACAO DA EMPRESA VÁLIDA,,
15,DADOS CADASTRAIS DOS SÓCIOS E OU ADMINISTRADORES PJ,Código da Situação da Empresa,21505,CODIGO DA SITUACAO DA EMPRESA INVÁLIDA,,
15,DADOS CADASTRAIS DOS SÓCIOS E OU ADMINISTRADORES PJ,Data de Início das Atividades,21506,DATA DE INÍCIO DAS ATIVIDADES INVÁLIDA,,
15,DADOS CADASTRAIS DOS SÓCIOS E OU ADMINISTRADORES PJ,Data de Início das Atividades,21507,DATA DE INICIO DAS ATIVIDADES MAIOR QUE A DATA ATUAL,,
15,DADOS CADASTRAIS DOS SÓCIOS E OU ADMINISTRADORES PJ,Data de Início das Atividades,21508,DATA DE INÍCIO DAS ATIVIDADES VÁLIDA,,
15,DADOS CADASTRAIS DOS SÓCIOS E OU ADMINISTRADORES PJ,Data de Término das Atividades,21509,DATA DE TÉRMINO DAS ATIVIDADES INVÁLIDA,,
15,DADOS CADASTRAIS DOS SÓCIOS E OU ADMINISTRADORES PJ,Data de Término das Atividades,21510,DATA DE TÉRMINO DAS ATIVIDADES MAIOR QUE A DATA ATUAL,,
15,DADOS CADASTRAIS DOS SÓCIOS E OU ADMINISTRADORES PJ,Data de Término das Atividades,21511,DATA DE TÉRMINO DAS ATIVIDADES MENOR QUE A DATA DE INÍCIO DAS ATIVIDADES,,
15,DADOS CADASTRAIS DOS SÓCIOS E OU ADMINISTRADORES PJ,Data de Término das Atividades,21512,DATA DE TÉRMINO DAS ATIVIDADES VÁLIDA,,
15,DADOS CADASTRAIS DOS SÓCIOS E OU ADMINISTRADORES PJ,Valor do Capital Social,21513,VALOR DO CAPITAL SOCIAL COM ZEROS OU EM BRANCO,,
15,DADOS CADASTRAIS DOS SÓCIOS E OU ADMINISTRADORES PJ,Valor do Capital Social,21514,VALOR DO CAPITAL SOCIAL PREENCHIDO CORRETAMENTE,,
15,DADOS CADASTRAIS DOS SÓCIOS E OU ADMINISTRADORES PJ,Código do Tipo de Moeda,21515,CÓDIGO DO TIPO DE MOEDA VÁLIDO,,
15,DADOS CADASTRAIS DOS SÓCIOS E OU ADMINISTRADORES PJ,Código do Tipo de Moeda,21516,CODIGO DO TIPO DE MOEDA INVÁLIDO,,
15,DADOS CADASTRAIS DOS SÓCIOS E OU ADMINISTRADORES PJ,Data da Constituição,21517,DATA DA CONSTITUIÇÃO INVÁLIDA,,
15,DADOS CADASTRAIS DOS SÓCIOS E OU ADMINISTRADORES PJ,Data da Constituição,21518,DATA DA CONSTITUIÇÃO MAIOR QUE A DATA ATUAL,,
15,DADOS CADASTRAIS DOS SÓCIOS E OU ADMINISTRADORES PJ,Data da Constituição,21519,DATA DA CONSTITUIÇÃO VÁLIDA,,
15,DADOS CADASTRAIS DOS SÓCIOS E OU ADMINISTRADORES PJ,Código da Natureza Jurídica,21520,CÓDIGO DA NATUREZA JURÍDICA INVÁLIDO,,
15,DADOS CADASTRAIS DOS SÓCIOS E OU ADMINISTRADORES PJ,Código da Natureza Jurídica,21521,CÓDIGO DA NATUREZA JURÍDICA VÁLIDO,,
15,DADOS CADASTRAIS DOS SÓCIOS E OU ADMINISTRADORES PJ,Número do C.N.P.J.,21522,CNPJ VÁLIDO,,
15,DADOS CADASTRAIS DOS SÓCIOS E OU ADMINISTRADORES PJ,Número do C.N.P.J.,21523,CNPJ INVÁLIDO,,
15,DADOS CADASTRAIS DOS SÓCIOS E OU ADMINISTRADORES PJ,Código da U.F.,21524,CODIGO DA U.F. VALIDO,,
15,DADOS CADASTRAIS DOS SÓCIOS E OU ADMINISTRADORES PJ,Código da U.F.,21525,CODIGO DA U.F. NAO INVALIDO,,
15,DADOS CADASTRAIS DOS SÓCIOS E OU ADMINISTRADORES PJ,Número da Inscrição na Junta Comercial,21526,NÚMERO DA INSCRIÇÃO NA JUNTA COMERCIAL VÁLIDO,,
15,DADOS CADASTRAIS DOS SÓCIOS E OU ADMINISTRADORES PJ,Número da Inscrição na Junta Comercial,21527,NÚMERO DA INSCRIÇÃO NA JUNTA COMERCIAL INVÁLIDO,,
17,DADOS COMPLEMENTARES PJ,Número da Inscrição na Junta Comercial,21700,NÚMERO DA INSCRIÇÃO NA JUNTA COMERCIAL VÁLIDO,,
17,DADOS COMPLEMENTARES PJ,Número da Inscrição na Junta Comercial,21701,NÚMERO DA INSCRIÇÃO NA JUNTA COMERCIAL INVÁLIDO,,
17,DADOS COMPLEMENTARES PJ,Número do C.N.P.J.,21702,CNPJ VÁLIDO,,
17,DADOS COMPLEMENTARES PJ,Número do C.N.P.J.,21703,CNPJ INVÁLIDO,,
17,DADOS COMPLEMENTARES PJ,Data de Inserção do Capital,21704,DATA DE INSERCAO DO CAPITAL INVÁLIDA,,
17,DADOS COMPLEMENTARES PJ,Data de Inserção do Capital,21705,DATA DE INSERCAO DO CAPITAL MAIOR QUE A DATA ATUAL,,
17,DADOS COMPLEMENTARES PJ,Data de Inserção do Capital,21706,DATA DE INSERCAO DO CAPITAL VÁLIDA,,
17,DADOS COMPLEMENTARES PJ,Data da Razão Social,21707,DATA DA RAZÃO SOCIAL INVÁLIDA,,
17,DADOS COMPLEMENTARES PJ,Data da Razão Social,21708,DATA DA RAZAO SOCIAL CAPITAL MAIOR QUE A DATA ATUAL,,
17,DADOS COMPLEMENTARES PJ,Data da Razão Social,21709,DATA DA RAZAO SOCIAL VÁLIDA,,
17,DADOS COMPLEMENTARES PJ,Razão Social Anterior,21710,CONTÉM BAD WORD NA RAZAO SOCIAL ANTERIOR,,
17,DADOS COMPLEMENTARES PJ,Data da Razão Social Anterior,21711,DATA DA RAZAO SOCIAL ANTERIOR INVÁLIDA,,
17,DADOS COMPLEMENTARES PJ,Data da Razão Social Anterior,21712,DATA DA RAZAO SOCIAL ANTERIOR MAIOR QUE A DATA ATUAL,,
17,DADOS COMPLEMENTARES PJ,Data da Razão Social Anterior,21713,DATA DA RAZAO SOCIAL ANTERIOR VÁLIDA,,
17,DADOS COMPLEMENTARES PJ,Número do Nire da Matriz,21714,NÚMERO DO NIRE DA MATRIZ VÁLIDO,,
17,DADOS COMPLEMENTARES PJ,Número do Nire da Matriz,21715,NÚMERO DO NIRE DA MATRIZ INVÁLIDO,,
1,EMPRESAS,NUMERO DE INSCRICAO NA JUNTA COMERCIAL,30001,MAIS DE UM NIRE PARA UM MESMO CNPJ E DATA DE ULTIMA ALTERACAO CONTRATUAL MAIS RECENTE,Valid,
1,EMPRESAS,NUMERO DE INSCRICAO NA JUNTA COMERCIAL,30002,MAIS DE UM NIRE PARA UM MESMO CNPJ E DATA DE ULTIMA ALTERACAO CONTRATUAL MAIS ANTIGA,Not applicable,
1,EMPRESAS,NUMERO DE INSCRICAO NA JUNTA COMERCIAL,30003,"MAIS DE UM NIRE PARA UM MESMO CNPJ, CONSIDERADO DATA DA CONSTITUICAO MAIS RECENTE",Valid,
1,EMPRESAS,NUMERO DE INSCRICAO NA JUNTA COMERCIAL,30004,MAIS DE UM NIRE PARA UM MESMO CNPJ COM DATA DE TERMINO DAS ATIVIDADES ,Not applicable,
1,EMPRESAS,NUMERO DE INSCRICAO NA JUNTA COMERCIAL,30005,MAIS DE UM NIRE PARA UM MESMO CNPJ SEM DATA DE TERMINO DAS ATIVIDADES,Not applicable,
1,EMPRESAS,NUMERO DE INSCRICAO NA JUNTA COMERCIAL,30006,CNPJ IGUAL AO CNPJ DA BASE JUNTA COMERCIAL NA VALIDACAO DE DOIS NIRES PARA UM MESMO CNPJ,Valid,
1,EMPRESAS,NUMERO DE INSCRICAO NA JUNTA COMERCIAL,30007,NOVO NIRE ENVIADO PELA JUNTA COMERCIAL,Valid,
1,EMPRESAS,NUMERO DE INSCRICAO NA JUNTA COMERCIAL,30008,CNPJ DIFERENTE DO CNPJ DA BASE JUNTA COMERCIAL VALIDACAO DE DOIS NIRES PARA UM MESMO CNPJ,Invalid,
1,EMPRESAS,NUMERO DE INSCRICAO NA JUNTA COMERCIAL,30009,CNPJ VALIDO EXISTENTE NA BASE RFPESJUR VALIDACAO DOIS NIRES PARA UM MESMO CNPJ,Valid,
1,EMPRESAS,NUMERO DE INSCRICAO NA JUNTA COMERCIAL,30010,CNPJ NAO ENCONTRADO NA BASE RFPESJUR VALIDACAO DOIS NIRES PARA UM MESMO CNPJ,Invalid,
1,EMPRESAS,NUMERO DE INSCRICAO NA JUNTA COMERCIAL,30011,"MAIS DE UM NIRE PARA UM MESMO CNPJ, CONSIDERADO NIRE MAIS RECENTE",Valid,
1,EMPRESAS,NUMERO DE INSCRICAO NA JUNTA COMERCIAL,30012,"MAIS DE UM NIRE PARA UM MESMO CNPJ, POREM NIRE NOVO, NAO EXISTE DATA DE INPUT NA BASE PARA ESTE NIRE",Valid,
1,EMPRESAS,NUMERO DE INSCRICAO NA JUNTA COMERCIAL,30013,"MAIS DE UM NIRE PARA UM MESMO CNPJ E DADOS IGUAIS, NAO FOI POSSIVEL IDENTIFICAR NIRE MAIS RECENTE",Invalid,
1,EMPRESAS,NOME DA EMPRESA,30021,NOME DA EMPRESA ENVIADO PELA JUNTA IGUAL RECEITA FEDERAL SERASA,Valid,No
1,EMPRESAS,NOME DA EMPRESA,30022,NOME DA EMPRESA ENVIADO PELA JUNTA SIMILARIDADE >=85% RECEITA FEDERAL SERASA,Valid,No
1,EMPRESAS,NOME DA EMPRESA,30023,NOME DA EMPRESA ATRIBUIDO PELO CNPJ CONFORME BASE RECEITA FEDERAL SERASA,Assign,Yes
1,EMPRESAS,NOME DA EMPRESA,30024,NAO FOI POSSIVEL ATRIBUIR NOME DA EMPRESA,Valid,Yes
1,EMPRESAS,NOME DA EMPRESA,30025,NAO FOI POSSIVEL VALIDAR NOME DA EMPRESA E CNPJ DA EMPRESA DEVIDO AUSENCIA DE INFORMACAO,Invalid,Yes
1,EMPRESAS,DATA DE TERMINO DAS ATIVIDADES,30041,"DATA DE TERMINO DAS ATIVIDADES INVALIDA, DEVIDO AO TIPO DE SITUACAO EMPRESA DEVERIA ESTAR PREENCHIDA",,
1,EMPRESAS,DATA DE TERMINO DAS ATIVIDADES,30042,NAO FOI POSSIVEL VALIDAR DATA DE TERMINO DAS ATIVIDADES DEVIDO CODIGO E DESCRICAO INEXISTENTE NA TABELA JUNTA – COD SIT EMPRESA,,
1,EMPRESAS,DATA DE TERMINO DAS ATIVIDADES,30043,DATA DE TERMINO DAS ATIVIDADES VALIDA ESTA ZERADA DEVIDO AO TIPO DE SITUACAO EMPRESA  LAYOUT SP,,
1,EMPRESAS,DATA DE TERMINO DAS ATIVIDADES,30044,DATA DE TERMINO DAS ATIVIDADES NÃO DEVERIA CONSTAR DEVIDO AO TIPO DE SITUACAO EMPRESA LAYOUT SP,,
1,EMPRESAS,DATA DE TERMINO DAS ATIVIDADES,30051,DATA DE TERMINO DAS ATIVIDADES VALIDA ESTA ZERADA DEVIDO AO TIPO DE SITUACAO EMPRESA LAYOUT DNRC,,
1,EMPRESAS,DATA DE TERMINO DAS ATIVIDADES,30052,DATA DE TERMINO DAS ATIVIDADES NÃO DEVERIA CONSTAR DEVIDO AO TIPO DE SITUACAO EMPRESA LAYOUT DNRC,,
1,EMPRESAS,DATA DE TERMINO DAS ATIVIDADES,30071,DATA DE TERMINO DAS ATIVIDADES VALIDA ESTA ZERADA DEVIDO AO TIPO DE SITUACAO EMPRESA LAYOUT MG,,
1,EMPRESAS,DATA DE TERMINO DAS ATIVIDADES,30072,DATA DE TERMINO DAS ATIVIDADES NÃO DEVERIA CONSTAR DEVIDO AO TIPO DE SITUACAO EMPRESA LAYOUT MG,,
1,EMPRESAS,VALOR DO CAPITAL,30301,VALOR DO CAPITAL EMPRESA DIFERENTE DE NUMEROS CONSIDERADO COMO INVALIDO,,
1,EMPRESAS,CODIGO DA NATUREZA JURIDICA,30321,NATUREZA JURIDICA SEM DIVERGENCIA,,
1,EMPRESAS,CODIGO DA NATUREZA JURIDICA,30322,NATUREZA JURIDICA COM DIVERGENCIA,,
1,EMPRESAS,NUMERO DO C.N.P.J,30351,CNPJ DA EMPRESA ATRIBUIDO COM MATCH 100% DA DATA DE CONSTITUICAO REMESSA E DATA DE ABERTURA BASE RFPESJUR,Assign,Yes
1,EMPRESAS,NUMERO DO C.N.P.J,30352,"NAO FOI POSSIVEL ATRIBUIR O CNPJ PELA RAZAO SOCIAL, MAIS DE UMA EMPRESA COM MATCH 100%",Invalid,Yes
1,EMPRESAS,NUMERO DO C.N.P.J,30353,NAO FOI POSSIVEL ATRIBUIR O CNPJ PELA RAZAO SOCIAL,Invalid,Yes
1,EMPRESAS,NUMERO DO C.N.P.J,30354,CNPJ ATRIBUIDO ATRAVES DA SIMILARIDADE DE >=85%  DA RAZAO SOCIAL NA BASE RFPESJUR E DATA DE CONSTITUICAO REMESSA X DATA DE ABERTURA BASE RFPESJUR IGUAIS,Valid,Yes
1,EMPRESAS,NUMERO DO C.N.P.J,30355,NAO FOI POSSIVEL  ATRIBUIR O CNPJ ATRAVES DA RAZAO SOCIAL DEVIDO MAIS DE UMA EMPRESA COM SIMILARIDADE >=85%,Invalid,Yes
1,EMPRESAS,NUMERO DO C.N.P.J,30356,CNPJ EMPRESA EXISTENTE NA BASE RFPESJUR,Valid,
1,EMPRESAS,NUMERO DO C.N.P.J,30357,CNPJ EMPRESA NAO ENCONTRADO NA BASE RFPESJUR,Invalid,
1,EMPRESAS,DATA DE ULTIMA ALTERACAO CONTRATUAL,30371,DATA DE ULTIMA ALTERACAO CONTRATUAL MAIOR QUE A ANTERIOR,,
1,EMPRESAS,DATA DE ULTIMA ALTERACAO CONTRATUAL,30372,DATA DE ULTIMA ALTERACAO CONTRATUAL MAIS ANTIGA QUE A BASE JUNTA COMERCIAL,,
1,EMPRESAS,DATA DE ULTIMA ALTERACAO CONTRATUAL,30373,DATA DA ULTIMA ALTERACAO CONTRATUAL IGUAL A ULTIMA ATUALIZACAO BASE JUNTA E SOCIOS IGUAIS,,
1,EMPRESAS,DATA DE ULTIMA ALTERACAO CONTRATUAL,30374,DATA DA ULTIMA ALTERACAO CONTRATUAL IGUAL A ULTIMA ATUALIZACAO BASE JUNTA E SOCIOS DIFERENTES,,
1,EMPRESAS,DATA DE ULTIMA ALTERACAO CONTRATUAL,30375,DATA DA ULTIMA ALTERACAO NA BASE JUNTA ZERADA,,
1,EMPRESAS,NOME DA EMPRESA ANTECESSORA,30391,NOME DA EMPRESA ANTECESSORA ENVIADO PELA JUNTA IGUAL RECEITA FEDERAL SERASA,Valid,No
1,EMPRESAS,NOME DA EMPRESA ANTECESSORA,30392,NOME DA EMPRESA ANTECESSORA ENVIADO PELA JUNTA DIFERENTE RECEITA FEDERAL SERASA,Invalid,No
1,EMPRESAS,ATOS,38001,NAO FOI POSSIVEL VALIDAR O ATOS DEVIDO CODIGO E DESCRICAO INEXISTENTE NA TABELA JUNTA – ATOS,Invalid,No
1,EMPRESAS,ATOS,38001,"CODIGO ATOS E DESCRICAO INEXISTENTE NA TABELA JUNTA – ATOS, POREM CONSTA NA REMESSA, TRATA-SE DE NOVO CODIGO",Invalid,No
1,EMPRESAS,NUMERO DE ULTIMO ARQUIVAMENTO,30401,NUMERO DE ULTIMO ARQUIVAMENTO INVALIDO,Invalid,No
2,SÓCIOS E OU ADMINISTRADORES PF,CODIGO DE CONDICAO,31001,NAO FOI POSSIVEL VALIDAR A CONDICAO DEVIDO CODIGO E DESCRICAO INEXISTENTE NA TABELA JUNTA – CONDICAO,Invalid,No
2,SÓCIOS E OU ADMINISTRADORES PF,CODIGO DE CONDICAO,31002,"CODIGO DE CONDICAO PF E DESCRICAO INEXISTENTE NA TABELA JUNTA – CONDICAO, POREM CONSTA NA REMESSA, TRATA-SE DE NOVO CODIGO",Invalid,No
2,SÓCIOS E OU ADMINISTRADORES PF,DATA DA VINCULACAO,31021,DATA DA VINCULACAO ATRIBUIDA AO SOCIO PF ATRAVES DA DATA DE CONSTITUICAO,Valid,Yes
2,SÓCIOS E OU ADMINISTRADORES PF,DATA DO DESLIGAMENTO,31041,DATA DO DESLIGAMENTO MENOR QUE DATA DA VINCULACAO,Invalid,
2,SÓCIOS E OU ADMINISTRADORES PF,VALOR DO CAPITAL,31061,VALOR DO CAPITAL DO SOCIO INVALIDO,Invalid,
2,SÓCIOS E OU ADMINISTRADORES PF,VALOR DO CAPITAL,31062,VALOR DO CAPITAL ATRIBUIDO ATRAVES DO CAPITAL DA EMPRESA,Valid,Yes
2,SÓCIOS E OU ADMINISTRADORES PF,NUMERO DO C.P.F,32561,NUMERO DO SOCIO PF MATCH 100% NOS DADOS CADASTRAIS SOCIO PF,Valid,No
2,SÓCIOS E OU ADMINISTRADORES PF,NUMERO DO C.P.F,32562,CPF SOCIO VALIDO EXISTENTE NA BASE RFPESFIS  ,Valid,No
2,SÓCIOS E OU ADMINISTRADORES PF,NUMERO DO C.P.F,32563,NOME DA PESSOA ATRIBUIDO AO SOCIO PF REGISTRO 2 CONFORME BASE RECEITA FEDERAL SERASA,Assign,No
2,SÓCIOS E OU ADMINISTRADORES PF,NUMERO DO C.P.F,32564,CPF SOCIO NAO ENCONTRADO NA BASE RFPESFIS,Invalid,No
2,SÓCIOS E OU ADMINISTRADORES PF,NUMERO DO C.P.F,32565,NUMERO DO SOCIO PF NAO ENCONTRADO  OU INVALIDO NOS DADOS CADASTRAIS SOCIO PF VINCULACAO OCORRERA ATRAVES DAS REGRAS 41021,Invalid,No
2,SÓCIOS E OU ADMINISTRADORES PF,NUMERO DO C.P.F,32566,NUMERO DO SOCIO PF NAO ENCONTRADO OU INVALIDO NOS DADOS CADASTRAIS NAO FOI POSSIVEL FAZER VINCULACAO PARA LAYOUT SP,Invalid,No
2,SÓCIOS E OU ADMINISTRADORES PF,NUMERO DO C.P.F,32567,"CPF UNICO, REGISTRO 2 VINCULADO AO REGISTRO 4 UTILIZANDO SOMENTE O CPF",Valid,No
2,SÓCIOS E OU ADMINISTRADORES PF,NUMERO DO C.P.F,32568,MAIS DE UM CPF IGUAL REGISTRO 2 E REGISTRO 4 E INFORMACOES IGUAIS VINCULAR REGISTRO 2 COM 4,Valid,No
2,SÓCIOS E OU ADMINISTRADORES PF,NUMERO DO C.P.F,32569,MAIS DE UM CPF IGUAL REGISTRO 2 E REGISTRO 4 E INFORMACOES DIFERENTES NAO FOI POSSIVEL VINCULAR REGISTRO 2 COM 4,Invalid,No
2,SÓCIOS E OU ADMINISTRADORES PF,NUMERO DO C.P.F,32570,"NUMERO DO SOCIO PF NAO ENCONTRADO OU INVALIDO NOS DADOS CADASTRAIS, NAO FOI POSSIVEL VINCULAR REGISTRO 2 COM REGISTRO 4",Invalid,No
2,SÓCIOS E OU ADMINISTRADORES PF,NUMERO DA INSCRICAO NA JUNTA COMERCIAL,32581,NIRE EMPRESA REGISTRO 2 E REGISTRO 1 VALIDO,Valid,No
2,SÓCIOS E OU ADMINISTRADORES PF,NUMERO DA INSCRICAO NA JUNTA COMERCIAL,32582,NIRE EMPRESA REGISTRO 2 E REGISTRO 1 INVALIDO,Invalid,No
3,SÓCIOS E OU ADMINISTRADORES PJ,CODIGO DA CONDICAO,33001,NAO FOI POSSIVEL VALIDAR A CONDICAO DEVIDO CODIGO E DESCRICAO INEXISTENTE NA TABELA JUNTA – CONDICAO,Invalid,No
3,SÓCIOS E OU ADMINISTRADORES PJ,CODIGO DA CONDICAO,33002,"CODIGO DE CONDICAO E DESCRICAO INEXISTENTE NA TABELA JUNTA – CONDICAO, POREM CONSTA NA REMESSA, TRATA-SE DE NOVO CODIGO",Invalid,No
3,SÓCIOS E OU ADMINISTRADORES PJ,DATA DE VINCULACAO,33021,DATA DE VINCULACAO ATRIBUIDA AO SOCIO PJ ATRAVES DA DATA DE CONSTITUICAO,Valid,Yes
3,SÓCIOS E OU ADMINISTRADORES PJ,DATA DE DESLIGAMENTO,33041,DATA DE DESLIGAMENTO MENOR QUE DATA DE VINCULACAO,,
3,SÓCIOS E OU ADMINISTRADORES PJ,VALOR DO CAPITAL,33061,VALOR DO CAPITAL DO SOCIO INVALIDO,Invalid,
3,SÓCIOS E OU ADMINISTRADORES PJ,VALOR DO CAPITAL,33062,VALOR DO CAPITAL ATRIBUIDO ATRAVES DO CAPITAL DA EMPRESA,Valid,Yes
3,SÓCIOS E OU ADMINISTRADORES PJ,NUMERO DO C.N.P.J DO SOCIO,34001,CNPJ SOCIO VALIDO EXISTENTE NA BASE RFPESJUR,,
3,SÓCIOS E OU ADMINISTRADORES PJ,NUMERO DO C.N.P.J DO SOCIO,34002,CNPJ SOCIO NAO ENCONTRADO NA BASE RFPESJUR,,
3,SÓCIOS E OU ADMINISTRADORES PJ,NUMERO DO C.N.P.J DO SOCIO,34003,NUMERO DO SOCIO PJ MATCH 100% NOS DADOS CADASTRAIS SOCIO PJ,,
3,SÓCIOS E OU ADMINISTRADORES PJ,NUMERO DO C.N.P.J DO SOCIO,34022,CNPJ SOCIO E RAZAO SOCIAL MATCH 100% ENVIADO CORRETAMENTE PELA JUNTA,,
3,SÓCIOS E OU ADMINISTRADORES PJ,NUMERO DO C.N.P.J DO SOCIO,34023,SOCIO VALIDO COM MATCH 100% DO CNPJ COM O NOME EMPRESA NA BASE HISTORICA RECEITA FEDERAL SERASA,,
3,SÓCIOS E OU ADMINISTRADORES PJ,NUMERO DO C.N.P.J DO SOCIO,34024,SOCIO INVALIDO O NOME EMPRESA NA BASE HISTORICA RECEITA FEDERAL SERASA NAO CORRESPONDE AO CNPJ SOCIO ENVIADO NA REMESSA,,
3,SÓCIOS E OU ADMINISTRADORES PJ,NUMERO DO C.N.P.J DO SOCIO,34004,NOME EMPRESA ATRIBUIDO AO SOCIO PJ REGISTRO 3 CONFORME BASE RECEITA FEDERAL SERASA DEVIDO AUSENCIA CNPJ SOCIO REGISTRO 3 NO REGISTRO 15,,
3,SÓCIOS E OU ADMINISTRADORES PJ,NUMERO DO C.N.P.J DO SOCIO,34005,CNPJ SOCIO ATRIBUIDO PELO NIRE DO SOCIO LOCALIZADO NA BASE JUNTA COMERCIAL SERASA,,
3,SÓCIOS E OU ADMINISTRADORES PJ,NUMERO DO C.N.P.J DO SOCIO,34006,NAO FOI POSSIVEL ATRIBUIR O CNPJ SOCIO PELO NIRE DO SOCIO CONFORME BASE JUNTA COMERCIAL SERASA,,
3,SÓCIOS E OU ADMINISTRADORES PJ,NUMERO DO C.N.P.J DO SOCIO,34007,NAO FOI POSSIVEL ATRIBUIR O CNPJ DO SOCIO DEVIDO AUSENCIA DO NIRE DO SOCIO NA BASE JUNTA COMERCIAL SERASA,,
3,SÓCIOS E OU ADMINISTRADORES PJ,NUMERO DO C.N.P.J DO SOCIO,34008,CNPJ SOCIO ATRIBUIDO PELA RAZAO SOCIAL COM MATCH 100% BASE RECEITA FEDERAL SERASA,,
3,SÓCIOS E OU ADMINISTRADORES PJ,NUMERO DO C.N.P.J DO SOCIO,34009,"CNPJ SOCIO NAO ATRIBUIDO, NOME EMPRESA NÃO EXISTE OU MAIS DE UM NA BASE RECEITA FEDERAL SERASA",,
3,SÓCIOS E OU ADMINISTRADORES PJ,NUMERO DO C.N.P.J DO SOCIO,34010,"CNPJ SOCIO INVALIDO, NA REVALIDACAO APRESENTA MAIS DE UM NOME DA EMPRESA NA  BASE RECEITA FEDERAL SERASA",,
3,SÓCIOS E OU ADMINISTRADORES PJ,NUMERO DO C.N.P.J DO SOCIO,34011,"CNPJ SOCIO NAO ATRIBUIDO, DEVIDO AUSENCIA CNPJ DO SOCIO, NIRE DO SOCIO E NOME EMPRESA NAO INFORMADO NA REMESSA",,
3,SÓCIOS E OU ADMINISTRADORES PJ,NUMERO DO C.N.P.J DO SOCIO,34021,NOME DA EMPRESA ATRIBUIDO ATRAVES DO CNPJ REGISTRO 3 E NOME DA BASE RECEITA FEDERAL SERASA,,
3,SÓCIOS E OU ADMINISTRADORES PJ,NUMERO DO C.N.P.J DO SOCIO,34015,NUMERO CNPJ DO SOCIO PJ NAO ENCONTRADO  OU INVALIDO NOS DADOS CADASTRAIS SOCIO PJ VINCULACAO OCORRERA ATRAVES DAS REGRAS 41041,,
3,SÓCIOS E OU ADMINISTRADORES PJ,NUMERO DO C.N.P.J DO SOCIO,34016,"NUMERO DO SOCIO PJ NAO ENCONTRADO OU INVALIDO NOS DADOS CADASTRAIS, NAO FOI POSSIVEL FAZER VINCULACAO PARA LAYOUT SP",,
3,SÓCIOS E OU ADMINISTRADORES PJ,NUMERO DO C.N.P.J DO SOCIO,34017,"CNPJ UNICO, REGISTRO 3 VINCULADO AO REGISTRO 15 UTILIZANDO SOMENTE O CNPJ SOCIO",,
3,SÓCIOS E OU ADMINISTRADORES PJ,NUMERO DO C.N.P.J DO SOCIO,34018,MAIS DE UM CNPJ IGUAL REGISTRO 3 E REGISTRO 15 E INFORMACOES IGUAIS VINCULAR REGISTRO 3 COM 15,,
3,SÓCIOS E OU ADMINISTRADORES PJ,NUMERO DO C.N.P.J DO SOCIO,34019,"MAIS DE UM CNPJ IGUAL REGISTRO 3 E REGISTRO 15 E INFORMACOES DIFERENTES, NAO FOI POSSIVEL VINCULAR REGISTO 3 COM 15",,
3,SÓCIOS E OU ADMINISTRADORES PJ,NUMERO DO C.N.P.J DO SOCIO,34020,"NUMERO DO SOCIO PJ NAO ENCONTRADO OU INVALIDO NOS DADOS CADASTRAIS, NAO FOI POSSIVEL VINCULAR REGISTRO 3 COM REGISTRO 15",,
3,SÓCIOS E OU ADMINISTRADORES PJ,NUMERO DO C.N.P.J DO SOCIO,34025,"CNPJ REGISTRO 3 NAO APRESENTA EQUIVALENTE  NO REGISTRO 15, VALIDACAO OCORRERA ATRAVES NIRE DO SOCIO",,
3,SÓCIOS E OU ADMINISTRADORES PJ,NUMERO DA INSCRICAO NA JUNTA COMERCIAL,34561,NIRE EMPRESA REGISTRO 3 E REGISTRO 1 VALIDO,Valid,
3,SÓCIOS E OU ADMINISTRADORES PJ,NUMERO DA INSCRICAO NA JUNTA COMERCIAL,34562,NIRE EMPRESA REGISTRO 3 e REGISTRO 1 INVALIDO,Invalid,
3,SÓCIOS E OU ADMINISTRADORES PJ,NUMERO DA INSCRICAO DO SOCIO NA JUNTA COMERCIAL,34571,NIRE DO SOCIO ENCONTRADO NA BASE JUNTA COMERCIAL SERASA,Not applicable,
3,SÓCIOS E OU ADMINISTRADORES PJ,NUMERO DA INSCRICAO DO SOCIO NA JUNTA COMERCIAL,34572,NIRE DO SOCIO NAO ENCONTRADO NA BASE JUNTA COMERCIAL SERASA,Not applicable,
4,DADOS CADASTRAIS DOS SÓCIOS E OU ADMINISTRADORES  PF,NUMERO DO C.P.F,32601,CPF SOCIO VALIDO EXISTENTE NA BASE RFPESFIS,Valid,
4,DADOS CADASTRAIS DOS SÓCIOS E OU ADMINISTRADORES  PF,NUMERO DO C.P.F,32602,CPF SOCIO NAO ENCONTRADO NA BASE RFPESFIS,Invalid,
4,DADOS CADASTRAIS DOS SÓCIOS E OU ADMINISTRADORES  PF,NUMERO DO C.P.F,32603, CPF SOCIO E NOME DA PESSOA MATCH 100% ENVIADO CORRETAMENTE PELA JUNTA,Valid,
4,DADOS CADASTRAIS DOS SÓCIOS E OU ADMINISTRADORES  PF,NUMERO DO C.P.F,32604,SOCIO VALIDO COM MATCH 100% DO CPF COM O NOME PESSOA NA BASE HISTORICA RECEITA FEDERAL SERASA,Valid,
4,DADOS CADASTRAIS DOS SÓCIOS E OU ADMINISTRADORES  PF,NUMERO DO C.P.F,32605,SOCIO INVALIDO O NOME DA PESSOA NA BASE HISTORICA RECEITA FEDERAL SERASA NAO CORRESPONDE AO CPF DO SOCIO DA REMESSA,Invalid,
4,DADOS CADASTRAIS DOS SÓCIOS E OU ADMINISTRADORES  PF,NUMERO DO C.P.F,32606,CPF ATRIBUIDO PELO NOME DA PESSOA COM MATCH 100% BASE RECEITA FEDERAL SERASA,Assign,Yes
4,DADOS CADASTRAIS DOS SÓCIOS E OU ADMINISTRADORES  PF,NUMERO DO C.P.F,32607,"CPF NAO ATRIBUIDO, NOME DA PESSOA NAO EXISTE OU MAIS DE UM NA BASE RECEITA FEDERAL SERASA",Invalid,Yes
4,DADOS CADASTRAIS DOS SÓCIOS E OU ADMINISTRADORES  PF,NUMERO DO C.P.F,32608,"CPF INVALIDO, NA REVALIDACAO APRESENTA MAIS DE UM NOME DA PESSOA NA  BASE RECEITA FEDERAL SERASA",Invalid,No
4,DADOS CADASTRAIS DOS SÓCIOS E OU ADMINISTRADORES  PF,NUMERO DO C.P.F,32609,NOME EMPRESA ATRIBUIDO ATRAVES CPF REGISTRO 4 COM BASE RECEITA FEDERAL PF SERASA,,
4,DADOS CADASTRAIS DOS SÓCIOS E OU ADMINISTRADORES  PF,NUMERO DA INSCRICAO NA JUNTA COMERCIAL,32661,NIRE EMPRESA REGISTRO 04 IGUAL REGISTRO 01 VALIDO,Valid,No
4,DADOS CADASTRAIS DOS SÓCIOS E OU ADMINISTRADORES  PF,NUMERO DA INSCRICAO NA JUNTA COMERCIAL,32662,NIRE EMPRESA REGISTRO 04 DIFERENTE REGISTRO 1,Invalid,No
5,FILIAIS,NUMERO DA INSCRICAO NA JUNTA COMERCIAL,36001,NIRE DE FILIAL ,,
5,FILIAIS,NUMERO DA INSCRICAO NA JUNTA COMERCIAL,36002,NIRE DIFERENTE DE FILIAL ,,
5,FILIAIS,NUMERO DA INSCRICAO NA JUNTA COMERCIAL,36003,CNPJ FILIAL VALIDO EXISTENTE NA BASE RFPESJUR,,
5,FILIAIS,NUMERO DA INSCRICAO NA JUNTA COMERCIAL,36004,CNPJ FILIAL NAO ENCONTRADO NA BASE RFPESJUR,,
5,FILIAIS,NUMERO DA INSCRICAO NA JUNTA COMERCIAL,36005,NIRE FILIAL VALIDO CNPJ IGUAL AO CNPJ DA BASE JUNTA COMERCIAL,,
5,FILIAIS,NUMERO DA INSCRICAO NA JUNTA COMERCIAL,36006,NIRE FILIAL APRESENTA CNPJ DIFERENTE AO CNPJ DA BASE JUNTA COMERCIAL,,
5,FILIAIS,NUMERO DA INSCRICAO NA JUNTA COMERCIAL,36007,NOVO NIRE FILIAL ENVIADO PELA JUNTA COMERCIAL,,
5,FILIAIS,NUMERO DA INSCRICAO DA SEDE NA JUNTA COMERCIAL,36021,FILIAL ATRIBUIDO PARA EMPRESA REGISTRO 01,,
5,FILIAIS,NUMERO DA INSCRICAO DA SEDE NA JUNTA COMERCIAL,36022,NIRE FILIAL NÃO FOI POSSIVEL ATRIBUIR PARA EMPRESA REGISTRO 01,,
5,FILIAIS,NUMERO DA INSCRICAO DA SEDE NA JUNTA COMERCIAL,36023,NIRE FILIAL  INVALIDO NÃO FOI POSSIVEL ATRIBUIR PARA EMPRESA REGISTRO 01,,
5,FILIAIS,NUMERO DA INSCRICAO DA SEDE NA JUNTA COMERCIAL,36024,NIRE FILIAL INVALIDO E NIRE EMPRESA INVALIDO,,
5,FILIAIS,NOME DA EMPRESA,36041,NOME DA EMPRESA FILIAL ENVIADA PELA JUNTA IGUAL A BASE RECEITA FEDERAL SERASA,Valid,
5,FILIAIS,NOME DA EMPRESA,36042,NOME DA EMPRESA FILIAL APENAS UMA COM MATCH 100% NA BASE RECEITA FEDERAL SERASA,Valid,
5,FILIAIS,NOME DA EMPRESA,36043,"NOME DA EMPRESA FILIAL INVALIDO, DEVIDO NOME EMPRESA NA BASE HISTORICA RECEITA FEDERAL SERASA NAO CORRESPONDE AO CNPJ EMPRESA FILIAL ENVIADO NA REMESSA",Invalid,
5,FILIAIS,NOME DA EMPRESA,36044,NOME DA EMPRESA FILIAL ATRIBUIDO ATRAVES DO CNPJ REGISTRO 5 E NOME DA BASE RECEITA FEDERAL SERASA,Assign,Yes
5,FILIAIS,NOME DA EMPRESA,36045,NAO FOI POSSIVEL VALIDAR NOME DA EMPRESA E CNPJ DA EMPRESA DEVIDO AUSENCIA DE INFORMACAO,Invalid,
5,FILIAIS,DATA TERMINO DAS ATIVIDADES,36061,"DATA DE TERMINO DAS ATIVIDADES FILIAL INVALIDA, DEVIDO AO TIPO DE SITUACAO EMPRESA DEVERIA ESTAR PREENCHIDA",,
5,FILIAIS,DATA TERMINO DAS ATIVIDADES,36062,NAO FOI POSSIVEL VALIDAR DATA DE TERMINO DAS ATIVIDADES FILIAL DEVIDO CODIGO E DESCRICAO INEXISTENTE NA TABELA JUNTA – COD SIT EMPRESA,,
5,FILIAIS,DATA TERMINO DAS ATIVIDADES,36063,DATA DE TERMINO DAS ATIVIDADES FILIAL VALIDA ESTA ZERADA DEVIDO AO TIPO DE SITUACAO EMPRESA  LAYOUT SP,,
5,FILIAIS,DATA TERMINO DAS ATIVIDADES,36064,DATA DE TERMINO DAS ATIVIDADES FILIAL NAO DEVERIA CONSTAR DEVIDO AO TIPO DE SITUACAO EMPRESA LAYOUT SP,,
5,FILIAIS,DATA TERMINO DAS ATIVIDADES,36081,DATA DE TERMINO DAS ATIVIDADES FILIAL VALIDA ESTA ZERADA DEVIDO AO TIPO DE SITUACAO EMPRESA LAYOUT DNRC,,
5,FILIAIS,DATA TERMINO DAS ATIVIDADES,36082,DATA DE TERMINO DAS ATIVIDADES FILIAL NAO DEVERIA CONSTAR DEVIDO AO TIPO DE SITUACAO EMPRESA LAYOUT DNRC,,
5,FILIAIS,DATA TERMINO DAS ATIVIDADES,36101,DATA DE TERMINO DAS ATIVIDADES FILIAL VALIDA ESTA ZERADA DEVIDO AO TIPO DE SITUACAO EMPRESA LAYOUT MG,,
5,FILIAIS,DATA TERMINO DAS ATIVIDADES,36102,DATA DE TERMINO DAS ATIVIDADES NAO DEVERIA CONSTAR DEVIDO AO TIPO DE SITUACAO EMPRESA LAYOUT MG,,
5,FILIAIS,VALOR DO CAPITAL,36301,VALOR DO CAPITAL EMPRESA DIFERENTE DE NUMEROS CONSIDERADO COMO INVALIDO,,
5,FILIAIS,CODIGO DA NATUREZA JURIDICA,36321,NATUREZA JURIDICA FILIAL SEM DIVERGENCIA,,
5,FILIAIS,CODIGO DA NATUREZA JURIDICA,36322,NATUREZA JURIDICA FILIAL COM DIVERGENCIA,,
5,FILIAIS,NUMERO DO CNPJ ,36341,CNPJ DA EMPRESA FILIAL ATRIBUIDO COM MATCH 100% DA DATA DE CONSTITUICAO REMESSA E DATA DE ABERTURA BASE RFPESJUR,Assign,Yes
5,FILIAIS,NUMERO DO CNPJ ,36342,"NAO FOI POSSIVEL ATRIBUIR O CNPJ FILIAL PELA RAZAO SOCIAL, MAIS DE UMA EMPRESA COM MATCH 100%",Invalid,Yes
5,FILIAIS,NUMERO DO CNPJ ,36343,NAO FOI POSSIVEL ATRIBUIR O CNPJ FILIAL PELA RAZAO SOCIAL,Invalid,Yes
5,FILIAIS,NUMERO DO CNPJ ,36344,CNPJ FILIAL ATRIBUIDO ATRAVES DA SIMILARIDADE DE >=85%  DA RAZAO SOCIAL NA BASE RFPESJUR E DATA DE CONSTITUICAO FILIAL REMESSA E DATA DE ABERTURA BASE RFPESJUR IGUAIS,Assign,Yes
5,FILIAIS,NUMERO DO CNPJ ,36345,NAO FOI POSSIVEL  ATRIBUIR O CNPJ FILIAL ATRAVES DA RAZAO SOCIAL DEVIDO MAIS DE UMA EMPRESA COM SIMILARIDADE >=85%,Invalid,Yes
5,FILIAIS,NUMERO DO ULTIMO ARQUIVAMENTO,36361,NUMERO DE ULTIMO ARQUIVAMENTO FILIAL INVALIDO,Invalid,No
5,FILIAIS,DATA DE ULTIMO ARQUIVAMENTO,36381,DATA DE ULTIMO ARQUIVAMENTO FILIAL MAIS RECENTE QUE A DATA DE ULTIMA ALTERACAO CONTRATUAL NA BASE JUNTA SERASA,Not applicable,
5,FILIAIS,DATA DE ULTIMO ARQUIVAMENTO,36382,DATA DE ULTIMO ARQUIVAMENTO FILIAL MAIS ANTIGA QUE A DATA DE ULTIMA ALTERACAO CONTRATUAL NA BASE JUNTA SERASA,Not applicable,
5,FILIAIS,DATA DE ULTIMO ARQUIVAMENTO,36383,DATA DE ULTIMO ARQUIVAMENTO FILIAL IGUAL A DATA DE ULTIMA ALTERACAO CONTRATUAL NA BASE JUNTA SERASA,Not applicable,
13,CODIGO OU DESCRICAOO DE VINCULOS (CONDICAO) DOS PARTICIPANTES,DESCRICAO DA CONDICAO ,36501,NAO FOI POSSIVEL VALIDAR A CONDICAO DEVIDO CODIGO E DESCRICAO INEXISTENTE NA TABELA JUNTA – CONDICAO,Invalid,No
13,CODIGO OU DESCRICAOO DE VINCULOS (CONDICAO) DOS PARTICIPANTES,DESCRICAO DA CONDICAO ,36502,"CODIGO DE CONDICAO PF E DESCRICAO INEXISTENTE NA TABELA JUNTA – CONDICAO, POREM CONSTA NA REMESSA, TRATA-SE DE NOVO CODIGO",Invalid,No
15,DADOS CADASTRAIS DOS SÓCIOS E OU ADMINISTRADORES PJ,NUMERO DA INSCRICAO NA JUNTA COMERCIAL,35000,NIRE EMPRESA QUE O SOCIO PARTICIPA REGISTRO 3 IGUAL AO NIRE EMPRESA REGISTRO 15,Valid,No
15,DADOS CADASTRAIS DOS SÓCIOS E OU ADMINISTRADORES PJ,NUMERO DA INSCRICAO NA JUNTA COMERCIAL,35001,NIRE EMPRESA QUE O SOCIO PARTICIPA REGISTRO 3 DIFERENTE AO NIRE EMPRESA REGISTRO 15,Invalid,No
15,DADOS CADASTRAIS DOS SÓCIOS E OU ADMINISTRADORES PJ,DATA TERMINO DAS ATIVIDADES,35041,"DATA DE TERMINO DAS ATIVIDADES INVALIDA, DEVIDO AO TIPO DE SITUACAO EMPRESA DEVERIA ESTAR PREENCHIDA",,
15,DADOS CADASTRAIS DOS SÓCIOS E OU ADMINISTRADORES PJ,DATA TERMINO DAS ATIVIDADES,35042,NAO FOI POSSIVEL VALIDAR DATA DE TERMINO DAS ATIVIDADES DEVIDO CODIGO E DESCRICAO INEXISTENTE NA TABELA JUNTA – COD SIT EMPRESA,,
15,DADOS CADASTRAIS DOS SÓCIOS E OU ADMINISTRADORES PJ,DATA TERMINO DAS ATIVIDADES,35043,DATA DE TERMINO DAS ATIVIDADES VALIDA ESTA ZERADA DEVIDO AO TIPO DE SITUACAO EMPRESA  LAYOUT SP,,
15,DADOS CADASTRAIS DOS SÓCIOS E OU ADMINISTRADORES PJ,DATA TERMINO DAS ATIVIDADES,35044,DATA DE TERMINO DAS ATIVIDADES NÃO DEVERIA CONSTAR DEVIDO AO TIPO DE SITUACAO EMPRESA LAYOUT SP,,
15,DADOS CADASTRAIS DOS SÓCIOS E OU ADMINISTRADORES PJ,DATA TERMINO DAS ATIVIDADES,35051,DATA DE TERMINO DAS ATIVIDADES VALIDA ESTA ZERADA DEVIDO AO TIPO DE SITUACAO EMPRESA LAYOUT DNRC”.,,
15,DADOS CADASTRAIS DOS SÓCIOS E OU ADMINISTRADORES PJ,DATA TERMINO DAS ATIVIDADES,35052,DATA DE TERMINO DAS ATIVIDADES NÃO DEVERIA CONSTAR DEVIDO AO TIPO DE SITUACAO EMPRESA LAYOUT DNRC,,
15,DADOS CADASTRAIS DOS SÓCIOS E OU ADMINISTRADORES PJ,DATA TERMINO DAS ATIVIDADES,35071,DATA TERMINO DAS ATIVIDADES VALIDA ESTA ZERADA DEVIDO AO TIPO DE SITUACAO EMPRESA LAYOUT MG,,
15,DADOS CADASTRAIS DOS SÓCIOS E OU ADMINISTRADORES PJ,DATA TERMINO DAS ATIVIDADES,35072,DATA DE TERMINO DAS ATIVIDADES NÃO DEVERIA CONSTAR DEVIDO AO TIPO DE SITUACAO EMPRESA LAYOUT MG,,
15,DADOS CADASTRAIS DOS SÓCIOS E OU ADMINISTRADORES PJ,CODIGO DA NATUREZA JURIDICA,35321,NATUREZA JURIDICA SEM DIVERGENCIA,,
15,DADOS CADASTRAIS DOS SÓCIOS E OU ADMINISTRADORES PJ,CODIGO DA NATUREZA JURIDICA,35322,NATUREZA JURIDICA COM DIVERGENCIA,,
15,DADOS CADASTRAIS DOS SÓCIOS E OU ADMINISTRADORES PJ,NUMERO DE INSCRICAO NA JUNTA COMERCIAL,35381,NIRE SOCIO PJ REGISTRO 15 IGUAL REGISTRO 3 VALIDO,,
15,DADOS CADASTRAIS DOS SÓCIOS E OU ADMINISTRADORES PJ,NUMERO DE INSCRICAO NA JUNTA COMERCIAL,35382,NIRE SOCIO PJ REGISTRO 15 DIFERENTE REGISTRO 3 VALIDO,,
17,DADOS COMPLEMENTARES PJ,NUMERO DE INSCRICAO NA JUNTA COMERCIAL,37501,NIRE REGISTRO 17 ATRIBUIDO PARA NIRE REGISTRO 1,Assign,
17,DADOS COMPLEMENTARES PJ,NUMERO DE INSCRICAO NA JUNTA COMERCIAL,37502,NAO FOI  POSSIVEL ATRIBUIR NIRE DO REGISTRO 17 PARA NIRE REGISTRO 1,Invalid,
17,DADOS COMPLEMENTARES PJ,NUMERO DE INSCRICAO NA JUNTA COMERCIAL,37503,NIRE REGISTRO 17 NAO ENCONTRADO NA BASE JUNTA COMERCIAL SERASA,Invalid,
17,DADOS COMPLEMENTARES PJ,NUMERO DO CNPJ,37521,CNPJ PERTENCE AO NIRE INFORMADO NA REMESSA REGISTRO 17,,
17,DADOS COMPLEMENTARES PJ,NUMERO DO CNPJ,37522,CNPJ NAO PERTENCE AO NIRE INFORMADO NA REMESSA REGISTRO 17,,
17,DADOS COMPLEMENTARES PJ,RAZAO SOCIAL ANTERIOR,37541,RAZAO SOCIAL ANTERIOR IGUAL AO NOME DA EMPRESA ANTECESSORA REGISTRO 1,,
17,DADOS COMPLEMENTARES PJ,RAZAO SOCIAL ANTERIOR,37542,RAZAO SOCIAL ANTERIOR DIFERENTE DO NOME DA EMPRESA ANTECESSORA REGISTRO 1,,
17,DADOS COMPLEMENTARES PJ,NUMERO DO NIRE DA MATRIZ,37561,NUMERO DO NIRE DA MATRIZ IGUAL AO NUMERO DA INSCRICAO NA JUNTA COMERCIAL REGISTRO 17,,
17,DADOS COMPLEMENTARES PJ,NUMERO DO NIRE DA MATRIZ,37562,NUMERO DO NIRE DA MATRIZ DIFERENTE DO NUMERO DA INSCRICAO NA JUNTA COMERCIAL REGISTRO 17,,
18,DADOS COMPLEMENTARES DO SOCIO PF,NUMERO DA INSCRICAO NA JUNTA COMERCIAL,37701,NIRE EMPRESA REGISTRO 18 VALIDO CONFORME REGISTRO 1,Valid,
18,DADOS COMPLEMENTARES DO SOCIO PF,NUMERO DA INSCRICAO NA JUNTA COMERCIAL,37702,NIRE EMPRESA REGISTRO 18 INVALIDO CONFORME REGISTRO 1,Invalid,
18,DADOS COMPLEMENTARES DO SOCIO PF,DESCRICAO DO TIPO DO SOCIO,37721,SOCIO PF,,
18,DADOS COMPLEMENTARES DO SOCIO PF,DESCRICAO DO TIPO DO SOCIO,37722,SOCIO PJ,,
18,DADOS COMPLEMENTARES DO SOCIO PF,NIRE DO SOCIO,37741,SOCIO PF NÃO POSSUI NIRE DE SOCIO APENAS SOCIO PJ,,
18,DADOS COMPLEMENTARES DO SOCIO PF,NIRE DO SOCIO,37742,SOCIO PJ NAO POSSUI NIRE INFORMADO,,
-,REGRAS COMPLEMENTARES,COMPOSICAO % DE PARTICIPACAO DOS SOCIOS,41001,SOMA DO CAPITAL DOS SOCIOS IGUAL A 100%,,
-,REGRAS COMPLEMENTARES,COMPOSICAO % DE PARTICIPACAO DOS SOCIOS,41002,SOMA DO CAPITAL SOCIAL DOS SOCIOS DIFERENTE DE 100%,,
-,REGRAS COMPLEMENTARES,COMPOSICAO % DE PARTICIPACAO DOS SOCIOS,41003,SOMA DO CAPITAL SOCIAL DOS SOCIOS MAIOR QUE 100%,,
-,REGRAS COMPLEMENTARES,COMPOSICAO DO QUADRO SOCIETARIO /ACIONARIO ,41061,NA COMPOSICAO DOS SOCIOS EMPRESA COM NATUREZA JURIDICA MEI APRESENTA MAIS DE UM SOCIO NA REMESSA,Invalid,
-,REGRAS COMPLEMENTARES,COMPOSICAO DO QUADRO SOCIETARIO /ACIONARIO ,41062,NA COMPOSICAO DOS SOCIOS EMPRESA COM NATUREZA JURIDICA EMPRESARIO APRESENTA MAIS DE UM SOCIO NA REMESSA,Invalid,
-,REGRAS COMPLEMENTARES,COMPOSICAO DO QUADRO SOCIETARIO /ACIONARIO ,41063,NA COMPOSICAO DOS SOCIOS EMPRESA COM NATUREZA JURIDICA EMPRESARIO APRESENTA MAIS DE UM SOCIO NA REMESSA,Invalid,
-,REGRAS COMPLEMENTARES,VINCULACAO SOCIO PF REGISTRO 2 COM REGISTRO 4,41021,"CODIGO SEQUENCIA PESSOA REGISTRO 2 IGUAL E UNICO AO CODIGO DE SEQUENCIA REGISTRO 4, OS DOIS REGISTROS FORAM VINCULADOS",,
-,REGRAS COMPLEMENTARES,VINCULACAO SOCIO PF REGISTRO 2 COM REGISTRO 4,41022,"NAO FOI POSSIVEL VINCULAR REGISTRO 2 COM REGISTRO 4, NAO EXISTE CODIGO DE SEQUENCIA DA PESSOA NO REGISTRO 2",,
-,REGRAS COMPLEMENTARES,VINCULACAO SOCIO PF REGISTRO 2 COM REGISTRO 4,41023,"CODIGO SEGUENCIA PESSOA REGISTRO 2 DIFERENTE AO CODIGO DE SEQUENCIA PESSOA REGISTRO 4, NAO FOI POSSIVEL VINCULAR REGISTRO 2 COM 4",,
-,REGRAS COMPLEMENTARES,VINCULACAO SOCIO PF REGISTRO 2 COM REGISTRO 4,41024,"NIRE REGISTRO 2 IGUAL REGISTRO 4, OS DOIS REGISTROS FORAM VINCULADOS",,
-,REGRAS COMPLEMENTARES,VINCULACAO SOCIO PF REGISTRO 2 COM REGISTRO 4,41025,"NAO FOI POSSIVEL FAZER A VINCULACAO REGISTRO 2 COM REGISTRO 4, NAO EXISTE NIRE REGISTRO 2",,
-,REGRAS COMPLEMENTARES,VINCULACAO SOCIO PF REGISTRO 2 COM REGISTRO 4,41026,"NIRE REGISTRO 2 DIFERENTE REGISTRO 4, NAO FOI POSSIVEL VINCULAR REGISTRO 2 COM 4",,
-,REGRAS COMPLEMENTARES,VINCULACAO SOCIO PF REGISTRO 2 COM REGISTRO 4,41027,"CODIGO SEQUENCIA PESSOA REGISTRO 2 IGUAL POREM NAO UNICO AO CODIGO DE SEQUENCIA REGISTRO 4, OS DOIS REGISTROS NAO FORAM VINCULADOS",,
-,REGRAS COMPLEMENTARES,VINCULACAO SOCIO PF REGISTRO 2 COM REGISTRO 4,41028,"NAO FOI POSSIVEL FAZER A VINCULACAO REGISTRO 2 COM REGISTRO 4, NAO EXISTE NIRE REGISTRO 4",,
-,REGRAS COMPLEMENTARES,VINCULACAO SOCIO PJ REGISTRO 3 COM REGISTRO 15,41041,"CODIGO SEQUENCIA DA EMPRESA REGISTRO 3 IGUAL E UNICO AO CODIGO DE SEQUENCIA DA EMPRESA REGISTRO 15, OS DOIS REGISTROS FORAM VINCULADOS",,
-,REGRAS COMPLEMENTARES,VINCULACAO SOCIO PJ REGISTRO 3 COM REGISTRO 15,41042,"NAO FOI POSSIVEL VINCULAR REGISTRO 3 COM REGISTRO 15, NAO EXISTE CODIGO DE SEQUENCIA DA PESSOA NO REGISTRO 3",,
-,REGRAS COMPLEMENTARES,VINCULACAO SOCIO PJ REGISTRO 3 COM REGISTRO 15,41043,"CODIGO SEQUENCIA EMPRESA REGISTRO 3 DIFERENTE AO CODIGO DE SEQUENCIA EMPRESA REGISTRO 15, NAO FOI POSSIVEL VINCULAR REGISTRO 3 COM 15",,
-,REGRAS COMPLEMENTARES,VINCULACAO SOCIO PJ REGISTRO 3 COM REGISTRO 15,41044,"NIRE REGISTRO 3 IGUAL REGISTRO 15, OS DOIS REGISTROS FORAM VINCULADOS",,
-,REGRAS COMPLEMENTARES,VINCULACAO SOCIO PJ REGISTRO 3 COM REGISTRO 15,41045,"NAO FOI POSSIVEL FAZER A VINCULACAO REGISTRO 3 COM REGISTRO 15, NAO EXISTE NIRE REGISTRO 3",,
-,REGRAS COMPLEMENTARES,VINCULACAO SOCIO PJ REGISTRO 3 COM REGISTRO 15,41046,"NIRE MATRIZ REGISTRO 3 DIFERENTE REGISTRO 15, NAO FOI POSSIVEL VINCULAR REGISTRO 3 COM 15",,
